key,release_tag,release_published_at,release_prerelease,asset_id,asset_name,asset_url,asset_updated_at,asset_digest,uploader_login
371576598,v1.1.3-alpha.1,2026-03-11T14:17:45Z,true,371576598,tzfpy-1.1.3a1-cp314-cp314t-win_amd64.whl,https://github.com/ringsaturn/tzfpy/releases/download/v1.1.3-alpha.1/tzfpy-1.1.3a1-cp314-cp314t-win_amd64.whl,2026-03-11T14:17:44Z,sha256:9cd6fafd2abf2c49f20427c8cf5421898990ae9abe06b43060cea7897cf77bb4,github-actions[bot]
371576599,v1.1.3-alpha.1,2026-03-11T14:17:45Z,true,371576599,tzfpy-1.1.3a1-cp314-cp314t-win32.whl,https://github.com/ringsaturn/tzfpy/releases/download/v1.1.3-alpha.1/tzfpy-1.1.3a1-cp314-cp314t-win32.whl,2026-03-11T14:17:44Z,sha256:79cc0e1e16f27603fc68a4f0719a68c5e0f3f213037487929c4206a69272e243,github-actions[bot]
371576592,v1.1.3-alpha.1,2026-03-11T14:17:45Z,true,371576592,tzfpy-1.1.3a1-cp314-cp314t-musllinux_1_2_x86_64.whl,https://github.com/ringsaturn/tzfpy/releases/download/v1.1.3-alpha.1/tzfpy-1.1.3a1-cp314-cp314t-musllinux_1_2_x86_64.whl,2026-03-11T14:17:44Z,sha256:241f03332ce89096bd28267c74d8d8b4dca4a2f9fd8f5360fb41e468abf14569,github-actions[bot]
371576590,v1.1.3-alpha.1,2026-03-11T14:17:45Z,true,371576590,tzfpy-1.1.3a1-cp314-cp314t-musllinux_1_2_armv7l.whl,https://github.com/ringsaturn/tzfpy/releases/download/v1.1.3-alpha.1/tzfpy-1.1.3a1-cp314-cp314t-musllinux_1_2_armv7l.whl,2026-03-11T14:17:44Z,sha256:f1e60228b6b47979bc7330cd236a2cf5fac4c7eed7cc25fb1693e6545a769fe9,github-actions[bot]
371576597,v1.1.3-alpha.1,2026-03-11T14:17:45Z,true,371576597,tzfpy-1.1.3a1-cp314-cp314t-musllinux_1_2_aarch64.whl,https://github.com/ringsaturn/tzfpy/releases/download/v1.1.3-alpha.1/tzfpy-1.1.3a1-cp314-cp314t-musllinux_1_2_aarch64.whl,2026-03-11T14:17:44Z,sha256:aeaf935978e7e2e911747383650b97d08943aa62c97dea32eff1314867b29a0d,github-actions[bot]
371576581,v1.1.3-alpha.1,2026-03-11T14:17:45Z,true,371576581,tzfpy-1.1.3a1-cp314-cp314t-manylinux_2_17_x86_64.manylinux2014_x86_64.whl,https://github.com/ringsaturn/tzfpy/releases/download/v1.1.3-alpha.1/tzfpy-1.1.3a1-cp314-cp314t-manylinux_2_17_x86_64.manylinux2014_x86_64.whl,2026-03-11T14:17:44Z,sha256:15d19346b09687dafac5023b31b97e5e7e665c134d210ed1c21f39b618668e3d,github-actions[bot]
371576587,v1.1.3-alpha.1,2026-03-11T14:17:45Z,true,371576587,tzfpy-1.1.3a1-cp314-cp314t-manylinux_2_17_armv7l.manylinux2014_armv7l.whl,https://github.com/ringsaturn/tzfpy/releases/download/v1.1.3-alpha.1/tzfpy-1.1.3a1-cp314-cp314t-manylinux_2_17_armv7l.manylinux2014_armv7l.whl,2026-03-11T14:17:44Z,sha256:0c06e430d2159ea1b36975f91c11ad6feba2a3256cd2c556d325d13a8cea0cff,github-actions[bot]
371576580,v1.1.3-alpha.1,2026-03-11T14:17:45Z,true,371576580,tzfpy-1.1.3a1-cp314-cp314t-manylinux_2_17_aarch64.manylinux2014_aarch64.whl,https://github.com/ringsaturn/tzfpy/releases/download/v1.1.3-alpha.1/tzfpy-1.1.3a1-cp314-cp314t-manylinux_2_17_aarch64.manylinux2014_aarch64.whl,2026-03-11T14:17:44Z,sha256:5f9a4061f26b6263a7b42000f25a51cb6022377288f799d645f3f17127374831,github-actions[bot]
371576596,v1.1.3-alpha.1,2026-03-11T14:17:45Z,true,371576596,tzfpy-1.1.3a1-cp314-cp314t-macosx_11_0_arm64.whl,https://github.com/ringsaturn/tzfpy/releases/download/v1.1.3-alpha.1/tzfpy-1.1.3a1-cp314-cp314t-macosx_11_0_arm64.whl,2026-03-11T14:17:44Z,sha256:96e8eb8411af1bb656f0d9ed733970b0fa04d14d5b8442702277feebab0b73be,github-actions[bot]
371576585,v1.1.3-alpha.1,2026-03-11T14:17:45Z,true,371576585,tzfpy-1.1.3a1-cp314-cp314t-macosx_10_12_x86_64.whl,https://github.com/ringsaturn/tzfpy/releases/download/v1.1.3-alpha.1/tzfpy-1.1.3a1-cp314-cp314t-macosx_10_12_x86_64.whl,2026-03-11T14:17:44Z,sha256:2d9510c1db5668465df1d285d7b216f32cbf5b60cd28079bf5fd5548eefbf249,github-actions[bot]
371576593,v1.1.3-alpha.1,2026-03-11T14:17:45Z,true,371576593,tzfpy-1.1.3a1-cp310-abi3-win_amd64.whl,https://github.com/ringsaturn/tzfpy/releases/download/v1.1.3-alpha.1/tzfpy-1.1.3a1-cp310-abi3-win_amd64.whl,2026-03-11T14:17:44Z,sha256:10f2761fa00c2937830b5734a27bdcefceb89ea23ff50597a48058207349b4a1,github-actions[bot]
371576589,v1.1.3-alpha.1,2026-03-11T14:17:45Z,true,371576589,tzfpy-1.1.3a1-cp310-abi3-win32.whl,https://github.com/ringsaturn/tzfpy/releases/download/v1.1.3-alpha.1/tzfpy-1.1.3a1-cp310-abi3-win32.whl,2026-03-11T14:17:44Z,sha256:6a17b3fb6f80a7ba79bf5380f46808694da68d88475bd1acc24e737f5062260b,github-actions[bot]
371576595,v1.1.3-alpha.1,2026-03-11T14:17:45Z,true,371576595,tzfpy-1.1.3a1-cp310-abi3-musllinux_1_2_x86_64.whl,https://github.com/ringsaturn/tzfpy/releases/download/v1.1.3-alpha.1/tzfpy-1.1.3a1-cp310-abi3-musllinux_1_2_x86_64.whl,2026-03-11T14:17:44Z,sha256:73585f7b3d068325ba4ad7cd6c531187356d463928391277dfc77fe324ec9aaf,github-actions[bot]
371576586,v1.1.3-alpha.1,2026-03-11T14:17:45Z,true,371576586,tzfpy-1.1.3a1-cp310-abi3-musllinux_1_2_armv7l.whl,https://github.com/ringsaturn/tzfpy/releases/download/v1.1.3-alpha.1/tzfpy-1.1.3a1-cp310-abi3-musllinux_1_2_armv7l.whl,2026-03-11T14:17:44Z,sha256:e4bca75158a2f837afadc7d3f0a1381cb7c735996504351ca371c56995e1bb76,github-actions[bot]
371576584,v1.1.3-alpha.1,2026-03-11T14:17:45Z,true,371576584,tzfpy-1.1.3a1-cp310-abi3-musllinux_1_2_aarch64.whl,https://github.com/ringsaturn/tzfpy/releases/download/v1.1.3-alpha.1/tzfpy-1.1.3a1-cp310-abi3-musllinux_1_2_aarch64.whl,2026-03-11T14:17:44Z,sha256:5c78dcbc57d8f36d029003471eab04b8bb304333b7b7c65fa136c1e0b3cae4f2,github-actions[bot]
371576582,v1.1.3-alpha.1,2026-03-11T14:17:45Z,true,371576582,tzfpy-1.1.3a1-cp310-abi3-manylinux_2_17_x86_64.manylinux2014_x86_64.whl,https://github.com/ringsaturn/tzfpy/releases/download/v1.1.3-alpha.1/tzfpy-1.1.3a1-cp310-abi3-manylinux_2_17_x86_64.manylinux2014_x86_64.whl,2026-03-11T14:17:44Z,sha256:28ed326e78f18adae7d5db0f2222d22ffc82799c141f902190006663bf92e636,github-actions[bot]
371576591,v1.1.3-alpha.1,2026-03-11T14:17:45Z,true,371576591,tzfpy-1.1.3a1-cp310-abi3-manylinux_2_17_armv7l.manylinux2014_armv7l.whl,https://github.com/ringsaturn/tzfpy/releases/download/v1.1.3-alpha.1/tzfpy-1.1.3a1-cp310-abi3-manylinux_2_17_armv7l.manylinux2014_armv7l.whl,2026-03-11T14:17:44Z,sha256:4904f0b2d31e1995ea745e8cf2b02e3e13f8eb986df27955c7aa84f5acda1979,github-actions[bot]
371576583,v1.1.3-alpha.1,2026-03-11T14:17:45Z,true,371576583,tzfpy-1.1.3a1-cp310-abi3-manylinux_2_17_aarch64.manylinux2014_aarch64.whl,https://github.com/ringsaturn/tzfpy/releases/download/v1.1.3-alpha.1/tzfpy-1.1.3a1-cp310-abi3-manylinux_2_17_aarch64.manylinux2014_aarch64.whl,2026-03-11T14:17:44Z,sha256:b626b42e2e15afdb8deadfe0858b3ae2328717cbf5fa74bf090d4b45d05ed924,github-actions[bot]
371576601,v1.1.3-alpha.1,2026-03-11T14:17:45Z,true,371576601,tzfpy-1.1.3a1-cp310-abi3-macosx_11_0_arm64.whl,https://github.com/ringsaturn/tzfpy/releases/download/v1.1.3-alpha.1/tzfpy-1.1.3a1-cp310-abi3-macosx_11_0_arm64.whl,2026-03-11T14:17:44Z,sha256:f76336977c733d4d182e8486d0736e9eaea795796821f275df284955234d9b29,github-actions[bot]
371576579,v1.1.3-alpha.1,2026-03-11T14:17:45Z,true,371576579,tzfpy-1.1.3a1-cp310-abi3-macosx_10_12_x86_64.whl,https://github.com/ringsaturn/tzfpy/releases/download/v1.1.3-alpha.1/tzfpy-1.1.3a1-cp310-abi3-macosx_10_12_x86_64.whl,2026-03-11T14:17:44Z,sha256:abf965c694b7444b85a755d85dc7d85fe5584e43c951993634dbc612bd27fcaf,github-actions[bot]
371503777,v1.1.3,2026-03-11T12:11:13Z,false,371503777,tzfpy-1.1.3-cp314-cp314t-win_amd64.whl,https://github.com/ringsaturn/tzfpy/releases/download/v1.1.3/tzfpy-1.1.3-cp314-cp314t-win_amd64.whl,2026-03-11T12:11:12Z,sha256:5392377211dd0e1af26a5d2bc2bc97748990e465712a1742bacd5139a10b2689,github-actions[bot]
371503773,v1.1.3,2026-03-11T12:11:13Z,false,371503773,tzfpy-1.1.3-cp314-cp314t-win32.whl,https://github.com/ringsaturn/tzfpy/releases/download/v1.1.3/tzfpy-1.1.3-cp314-cp314t-win32.whl,2026-03-11T12:11:12Z,sha256:8fecb6d1180a6fc78ea9243ae04e72a042bf23d04fbe93d86eb51b1efce4fd0e,github-actions[bot]
371503780,v1.1.3,2026-03-11T12:11:13Z,false,371503780,tzfpy-1.1.3-cp314-cp314t-musllinux_1_2_x86_64.whl,https://github.com/ringsaturn/tzfpy/releases/download/v1.1.3/tzfpy-1.1.3-cp314-cp314t-musllinux_1_2_x86_64.whl,2026-03-11T12:11:12Z,sha256:b23f89b4d85bca9cc159028455ddd75c45c0d6315d06d416ccd72ae11cd1a45d,github-actions[bot]
371503776,v1.1.3,2026-03-11T12:11:13Z,false,371503776,tzfpy-1.1.3-cp314-cp314t-musllinux_1_2_armv7l.whl,https://github.com/ringsaturn/tzfpy/releases/download/v1.1.3/tzfpy-1.1.3-cp314-cp314t-musllinux_1_2_armv7l.whl,2026-03-11T12:11:12Z,sha256:09b5c6b6daa03f56cfa9acb87339328535c30a5babc22b0aae5eda7082401d2e,github-actions[bot]
371503771,v1.1.3,2026-03-11T12:11:13Z,false,371503771,tzfpy-1.1.3-cp314-cp314t-musllinux_1_2_aarch64.whl,https://github.com/ringsaturn/tzfpy/releases/download/v1.1.3/tzfpy-1.1.3-cp314-cp314t-musllinux_1_2_aarch64.whl,2026-03-11T12:11:12Z,sha256:aa94b09269996b8ff01f41ad6cce8e05d71a5d424fe7ba0e2ce04f74968c026d,github-actions[bot]
371503761,v1.1.3,2026-03-11T12:11:13Z,false,371503761,tzfpy-1.1.3-cp314-cp314t-manylinux_2_17_x86_64.manylinux2014_x86_64.whl,https://github.com/ringsaturn/tzfpy/releases/download/v1.1.3/tzfpy-1.1.3-cp314-cp314t-manylinux_2_17_x86_64.manylinux2014_x86_64.whl,2026-03-11T12:11:12Z,sha256:76ebc48576ee8c990951d286b7396f2e4896fc26cd10cb7cf022b41f833668b4,github-actions[bot]
371503763,v1.1.3,2026-03-11T12:11:13Z,false,371503763,tzfpy-1.1.3-cp314-cp314t-manylinux_2_17_armv7l.manylinux2014_armv7l.whl,https://github.com/ringsaturn/tzfpy/releases/download/v1.1.3/tzfpy-1.1.3-cp314-cp314t-manylinux_2_17_armv7l.manylinux2014_armv7l.whl,2026-03-11T12:11:12Z,sha256:eb18b3aebcedef390d974ff095d7ad23266fc531ebf7f873ad36daa09b2e1d1f,github-actions[bot]
371503774,v1.1.3,2026-03-11T12:11:13Z,false,371503774,tzfpy-1.1.3-cp314-cp314t-manylinux_2_17_aarch64.manylinux2014_aarch64.whl,https://github.com/ringsaturn/tzfpy/releases/download/v1.1.3/tzfpy-1.1.3-cp314-cp314t-manylinux_2_17_aarch64.manylinux2014_aarch64.whl,2026-03-11T12:11:12Z,sha256:b7eb309600ad14d045cf83925615ab3942b8b958e466ce04f0a3dc6d11efda35,github-actions[bot]
371503765,v1.1.3,2026-03-11T12:11:13Z,false,371503765,tzfpy-1.1.3-cp314-cp314t-macosx_11_0_arm64.whl,https://github.com/ringsaturn/tzfpy/releases/download/v1.1.3/tzfpy-1.1.3-cp314-cp314t-macosx_11_0_arm64.whl,2026-03-11T12:11:12Z,sha256:1811b8072d7213334aad906d4f9a606057e07411c060251b0226d4893fe7bfaa,github-actions[bot]
371503772,v1.1.3,2026-03-11T12:11:13Z,false,371503772,tzfpy-1.1.3-cp314-cp314t-macosx_10_12_x86_64.whl,https://github.com/ringsaturn/tzfpy/releases/download/v1.1.3/tzfpy-1.1.3-cp314-cp314t-macosx_10_12_x86_64.whl,2026-03-11T12:11:12Z,sha256:6d5d240725ed7980fa0c16d835626d0750c1a233d04c6294ae2c861cd95e6cfc,github-actions[bot]
371503767,v1.1.3,2026-03-11T12:11:13Z,false,371503767,tzfpy-1.1.3-cp310-abi3-win_amd64.whl,https://github.com/ringsaturn/tzfpy/releases/download/v1.1.3/tzfpy-1.1.3-cp310-abi3-win_amd64.whl,2026-03-11T12:11:12Z,sha256:363fa56b4b8980abbdb26e036a969c2c94fb58a2dc80d122cb93abd74ce32ab8,github-actions[bot]
371503764,v1.1.3,2026-03-11T12:11:13Z,false,371503764,tzfpy-1.1.3-cp310-abi3-win32.whl,https://github.com/ringsaturn/tzfpy/releases/download/v1.1.3/tzfpy-1.1.3-cp310-abi3-win32.whl,2026-03-11T12:11:12Z,sha256:4cbf2239ae8cb5caeeddb2805ec7a3912c303ed61b4549d8068efbc84ad8d428,github-actions[bot]
371503770,v1.1.3,2026-03-11T12:11:13Z,false,371503770,tzfpy-1.1.3-cp310-abi3-musllinux_1_2_x86_64.whl,https://github.com/ringsaturn/tzfpy/releases/download/v1.1.3/tzfpy-1.1.3-cp310-abi3-musllinux_1_2_x86_64.whl,2026-03-11T12:11:12Z,sha256:08bf16a0f305d7fae399abd004212a2529670a8a424189b351da8da275900555,github-actions[bot]
371503778,v1.1.3,2026-03-11T12:11:13Z,false,371503778,tzfpy-1.1.3-cp310-abi3-musllinux_1_2_armv7l.whl,https://github.com/ringsaturn/tzfpy/releases/download/v1.1.3/tzfpy-1.1.3-cp310-abi3-musllinux_1_2_armv7l.whl,2026-03-11T12:11:12Z,sha256:12d25d95cff5a9acaaf273253afe1ad7a5b1d720e7d13c18dfd4843ee2a3e114,github-actions[bot]
371503768,v1.1.3,2026-03-11T12:11:13Z,false,371503768,tzfpy-1.1.3-cp310-abi3-musllinux_1_2_aarch64.whl,https://github.com/ringsaturn/tzfpy/releases/download/v1.1.3/tzfpy-1.1.3-cp310-abi3-musllinux_1_2_aarch64.whl,2026-03-11T12:11:12Z,sha256:0781a26e332b49f213f510913f5088d8922d678bf70e73dbf34ca8ce9f74574c,github-actions[bot]
371503779,v1.1.3,2026-03-11T12:11:13Z,false,371503779,tzfpy-1.1.3-cp310-abi3-manylinux_2_17_x86_64.manylinux2014_x86_64.whl,https://github.com/ringsaturn/tzfpy/releases/download/v1.1.3/tzfpy-1.1.3-cp310-abi3-manylinux_2_17_x86_64.manylinux2014_x86_64.whl,2026-03-11T12:11:12Z,sha256:32198daa2e24ed0e6bf1c2835a482e3502d3f32f1b077e66b55109fa4c39020d,github-actions[bot]
371503760,v1.1.3,2026-03-11T12:11:13Z,false,371503760,tzfpy-1.1.3-cp310-abi3-manylinux_2_17_armv7l.manylinux2014_armv7l.whl,https://github.com/ringsaturn/tzfpy/releases/download/v1.1.3/tzfpy-1.1.3-cp310-abi3-manylinux_2_17_armv7l.manylinux2014_armv7l.whl,2026-03-11T12:11:12Z,sha256:efa4db8d14021296e804219d0215490a8d91e456fbc37ab0516e766c038578d7,github-actions[bot]
371503769,v1.1.3,2026-03-11T12:11:13Z,false,371503769,tzfpy-1.1.3-cp310-abi3-manylinux_2_17_aarch64.manylinux2014_aarch64.whl,https://github.com/ringsaturn/tzfpy/releases/download/v1.1.3/tzfpy-1.1.3-cp310-abi3-manylinux_2_17_aarch64.manylinux2014_aarch64.whl,2026-03-11T12:11:12Z,sha256:a090a3f0a710e917fcd77d7c67e7202b785f8ad44b80f60a6023d3543a51e8d6,github-actions[bot]
371503762,v1.1.3,2026-03-11T12:11:13Z,false,371503762,tzfpy-1.1.3-cp310-abi3-macosx_11_0_arm64.whl,https://github.com/ringsaturn/tzfpy/releases/download/v1.1.3/tzfpy-1.1.3-cp310-abi3-macosx_11_0_arm64.whl,2026-03-11T12:11:12Z,sha256:77d82e07dbf640473fb0a03bdf5b7146d53c119d60ddcbdd2388bd64594e5649,github-actions[bot]
371503775,v1.1.3,2026-03-11T12:11:13Z,false,371503775,tzfpy-1.1.3-cp310-abi3-macosx_10_12_x86_64.whl,https://github.com/ringsaturn/tzfpy/releases/download/v1.1.3/tzfpy-1.1.3-cp310-abi3-macosx_10_12_x86_64.whl,2026-03-11T12:11:12Z,sha256:4d68b253fbf021f13ea4e745050cc161d826d07ac6954a66f3a0bd1e3dee9d91,github-actions[bot]
371497676,v1.1.3-alpha.0,2026-03-11T11:57:23Z,true,371497676,tzfpy-1.1.3a0-cp314-cp314t-win_amd64.whl,https://github.com/ringsaturn/tzfpy/releases/download/v1.1.3-alpha.0/tzfpy-1.1.3a0-cp314-cp314t-win_amd64.whl,2026-03-11T11:57:22Z,sha256:923975afc512dc82a0dcd3397deabe36c8c074088c0ec6107c1e969f6286b87b,github-actions[bot]
371497666,v1.1.3-alpha.0,2026-03-11T11:57:23Z,true,371497666,tzfpy-1.1.3a0-cp314-cp314t-win32.whl,https://github.com/ringsaturn/tzfpy/releases/download/v1.1.3-alpha.0/tzfpy-1.1.3a0-cp314-cp314t-win32.whl,2026-03-11T11:57:22Z,sha256:0e22e6913506cef1d2380c2adedb34d41e503647f05a39c9a901daffb114694c,github-actions[bot]
371497675,v1.1.3-alpha.0,2026-03-11T11:57:23Z,true,371497675,tzfpy-1.1.3a0-cp314-cp314t-musllinux_1_2_x86_64.whl,https://github.com/ringsaturn/tzfpy/releases/download/v1.1.3-alpha.0/tzfpy-1.1.3a0-cp314-cp314t-musllinux_1_2_x86_64.whl,2026-03-11T11:57:22Z,sha256:c48d00d6163c4b5ca3769ed9d9061c8194a56bcce2e353fb7862baa678fdcadf,github-actions[bot]
371497674,v1.1.3-alpha.0,2026-03-11T11:57:23Z,true,371497674,tzfpy-1.1.3a0-cp314-cp314t-musllinux_1_2_armv7l.whl,https://github.com/ringsaturn/tzfpy/releases/download/v1.1.3-alpha.0/tzfpy-1.1.3a0-cp314-cp314t-musllinux_1_2_armv7l.whl,2026-03-11T11:57:22Z,sha256:2cce0560bec13c15d69cfd2ac364eb61871da100152f82379b59d6f7593a4369,github-actions[bot]
371497670,v1.1.3-alpha.0,2026-03-11T11:57:23Z,true,371497670,tzfpy-1.1.3a0-cp314-cp314t-musllinux_1_2_aarch64.whl,https://github.com/ringsaturn/tzfpy/releases/download/v1.1.3-alpha.0/tzfpy-1.1.3a0-cp314-cp314t-musllinux_1_2_aarch64.whl,2026-03-11T11:57:22Z,sha256:d32fb956c3784d626e89e36773e00df728ffbcda2eef2d62c845c197712b3d42,github-actions[bot]
371497669,v1.1.3-alpha.0,2026-03-11T11:57:23Z,true,371497669,tzfpy-1.1.3a0-cp314-cp314t-manylinux_2_17_x86_64.manylinux2014_x86_64.whl,https://github.com/ringsaturn/tzfpy/releases/download/v1.1.3-alpha.0/tzfpy-1.1.3a0-cp314-cp314t-manylinux_2_17_x86_64.manylinux2014_x86_64.whl,2026-03-11T11:57:22Z,sha256:c36499b0b3053f2e0d27bf367fb5a2ea0b24be92c1c5385e4535d2a757239058,github-actions[bot]
371497663,v1.1.3-alpha.0,2026-03-11T11:57:23Z,true,371497663,tzfpy-1.1.3a0-cp314-cp314t-manylinux_2_17_armv7l.manylinux2014_armv7l.whl,https://github.com/ringsaturn/tzfpy/releases/download/v1.1.3-alpha.0/tzfpy-1.1.3a0-cp314-cp314t-manylinux_2_17_armv7l.manylinux2014_armv7l.whl,2026-03-11T11:57:22Z,sha256:de73b9b7bcff6d538aef44c5e0677416c3dced83b8032cd2c0a61f40aa72199b,github-actions[bot]
371497668,v1.1.3-alpha.0,2026-03-11T11:57:23Z,true,371497668,tzfpy-1.1.3a0-cp314-cp314t-manylinux_2_17_aarch64.manylinux2014_aarch64.whl,https://github.com/ringsaturn/tzfpy/releases/download/v1.1.3-alpha.0/tzfpy-1.1.3a0-cp314-cp314t-manylinux_2_17_aarch64.manylinux2014_aarch64.whl,2026-03-11T11:57:22Z,sha256:397bc8246d6aaa0a702c09e73b53b13cd8a10c245e3864d3be14db7ed88486cd,github-actions[bot]
371497665,v1.1.3-alpha.0,2026-03-11T11:57:23Z,true,371497665,tzfpy-1.1.3a0-cp314-cp314t-macosx_11_0_arm64.whl,https://github.com/ringsaturn/tzfpy/releases/download/v1.1.3-alpha.0/tzfpy-1.1.3a0-cp314-cp314t-macosx_11_0_arm64.whl,2026-03-11T11:57:22Z,sha256:430519b5abff66d444dd09c9af660deb0e3e6dcc10bc531980224c681850c1ac,github-actions[bot]
371497671,v1.1.3-alpha.0,2026-03-11T11:57:23Z,true,371497671,tzfpy-1.1.3a0-cp314-cp314t-macosx_10_12_x86_64.whl,https://github.com/ringsaturn/tzfpy/releases/download/v1.1.3-alpha.0/tzfpy-1.1.3a0-cp314-cp314t-macosx_10_12_x86_64.whl,2026-03-11T11:57:22Z,sha256:ee67efee47e0f92490df79366bc1b6ab25a1006cbd2f48a09609b1ac1b98707d,github-actions[bot]
371497658,v1.1.3-alpha.0,2026-03-11T11:57:23Z,true,371497658,tzfpy-1.1.3a0-cp310-abi3-win_amd64.whl,https://github.com/ringsaturn/tzfpy/releases/download/v1.1.3-alpha.0/tzfpy-1.1.3a0-cp310-abi3-win_amd64.whl,2026-03-11T11:57:22Z,sha256:560d999ac67e02054aca03f5c5f327a4f60803951877adf8b0fe5f71f6dcc47b,github-actions[bot]
371497678,v1.1.3-alpha.0,2026-03-11T11:57:23Z,true,371497678,tzfpy-1.1.3a0-cp310-abi3-win32.whl,https://github.com/ringsaturn/tzfpy/releases/download/v1.1.3-alpha.0/tzfpy-1.1.3a0-cp310-abi3-win32.whl,2026-03-11T11:57:22Z,sha256:5eb421bccb3a2acd9229a2776bad37400fc44d3f70707f87e9901198f6834d05,github-actions[bot]
371497672,v1.1.3-alpha.0,2026-03-11T11:57:23Z,true,371497672,tzfpy-1.1.3a0-cp310-abi3-musllinux_1_2_x86_64.whl,https://github.com/ringsaturn/tzfpy/releases/download/v1.1.3-alpha.0/tzfpy-1.1.3a0-cp310-abi3-musllinux_1_2_x86_64.whl,2026-03-11T11:57:22Z,sha256:84b8d63f2a2ee9fa67f7d25c8b6c2b78e8c8cc1ba12cc61f0151df513c3de38a,github-actions[bot]
371497664,v1.1.3-alpha.0,2026-03-11T11:57:23Z,true,371497664,tzfpy-1.1.3a0-cp310-abi3-musllinux_1_2_armv7l.whl,https://github.com/ringsaturn/tzfpy/releases/download/v1.1.3-alpha.0/tzfpy-1.1.3a0-cp310-abi3-musllinux_1_2_armv7l.whl,2026-03-11T11:57:22Z,sha256:6c99bfd4d636e6c9c2753c0f85edc79b2a45a1f1bd7b386fd1341542ad01c9ab,github-actions[bot]
371497667,v1.1.3-alpha.0,2026-03-11T11:57:23Z,true,371497667,tzfpy-1.1.3a0-cp310-abi3-musllinux_1_2_aarch64.whl,https://github.com/ringsaturn/tzfpy/releases/download/v1.1.3-alpha.0/tzfpy-1.1.3a0-cp310-abi3-musllinux_1_2_aarch64.whl,2026-03-11T11:57:22Z,sha256:caebba6a02134863c7a5ea66b9e6268f17cd83de16e0dd61e7c06b90748289f0,github-actions[bot]
371497662,v1.1.3-alpha.0,2026-03-11T11:57:23Z,true,371497662,tzfpy-1.1.3a0-cp310-abi3-manylinux_2_17_x86_64.manylinux2014_x86_64.whl,https://github.com/ringsaturn/tzfpy/releases/download/v1.1.3-alpha.0/tzfpy-1.1.3a0-cp310-abi3-manylinux_2_17_x86_64.manylinux2014_x86_64.whl,2026-03-11T11:57:22Z,sha256:fa235640e1a54766dd52d218c2d64435e10c633455d4b0672ced977867912c2d,github-actions[bot]
371497673,v1.1.3-alpha.0,2026-03-11T11:57:23Z,true,371497673,tzfpy-1.1.3a0-cp310-abi3-manylinux_2_17_armv7l.manylinux2014_armv7l.whl,https://github.com/ringsaturn/tzfpy/releases/download/v1.1.3-alpha.0/tzfpy-1.1.3a0-cp310-abi3-manylinux_2_17_armv7l.manylinux2014_armv7l.whl,2026-03-11T11:57:22Z,sha256:07e6423c4345eb09a688bec2cfb35379baa005b78503a084a96659510f50a841,github-actions[bot]
371497660,v1.1.3-alpha.0,2026-03-11T11:57:23Z,true,371497660,tzfpy-1.1.3a0-cp310-abi3-manylinux_2_17_aarch64.manylinux2014_aarch64.whl,https://github.com/ringsaturn/tzfpy/releases/download/v1.1.3-alpha.0/tzfpy-1.1.3a0-cp310-abi3-manylinux_2_17_aarch64.manylinux2014_aarch64.whl,2026-03-11T11:57:22Z,sha256:082295881db3063c37450aea9133c3e9bbd061d8de3fd2f6735232eff387f473,github-actions[bot]
371497677,v1.1.3-alpha.0,2026-03-11T11:57:23Z,true,371497677,tzfpy-1.1.3a0-cp310-abi3-macosx_11_0_arm64.whl,https://github.com/ringsaturn/tzfpy/releases/download/v1.1.3-alpha.0/tzfpy-1.1.3a0-cp310-abi3-macosx_11_0_arm64.whl,2026-03-11T11:57:22Z,sha256:e97a1fb3aa33dc02d873c85af18a57ece50bfc1af39b2986506c38844f6f17ea,github-actions[bot]
371497661,v1.1.3-alpha.0,2026-03-11T11:57:23Z,true,371497661,tzfpy-1.1.3a0-cp310-abi3-macosx_10_12_x86_64.whl,https://github.com/ringsaturn/tzfpy/releases/download/v1.1.3-alpha.0/tzfpy-1.1.3a0-cp310-abi3-macosx_10_12_x86_64.whl,2026-03-11T11:57:22Z,sha256:135dfda585d3a0c12ea0f91212a256f84ca4bb983f7e62de87889d04d611ffba,github-actions[bot]
370848717,v1.1.2,2026-03-10T14:01:58Z,false,370848717,tzfpy-1.1.2-cp314-cp314t-musllinux_1_2_x86_64.whl,https://github.com/ringsaturn/tzfpy/releases/download/v1.1.2/tzfpy-1.1.2-cp314-cp314t-musllinux_1_2_x86_64.whl,2026-03-10T14:01:58Z,sha256:651a691ce5ac8ab9245542a1678542f2944c8ca855def5277e64148357d2aefd,github-actions[bot]
370848720,v1.1.2,2026-03-10T14:01:58Z,false,370848720,tzfpy-1.1.2-cp314-cp314t-musllinux_1_2_armv7l.whl,https://github.com/ringsaturn/tzfpy/releases/download/v1.1.2/tzfpy-1.1.2-cp314-cp314t-musllinux_1_2_armv7l.whl,2026-03-10T14:01:58Z,sha256:a10194bcbec5fac5d51ee5f7da7731056a56b70255c7696efcb5f3a70cd5113a,github-actions[bot]
370848719,v1.1.2,2026-03-10T14:01:58Z,false,370848719,tzfpy-1.1.2-cp314-cp314t-manylinux_2_17_aarch64.manylinux2014_aarch64.whl,https://github.com/ringsaturn/tzfpy/releases/download/v1.1.2/tzfpy-1.1.2-cp314-cp314t-manylinux_2_17_aarch64.manylinux2014_aarch64.whl,2026-03-10T14:01:58Z,sha256:8182c23dcfc9f7367e55ccfc154a0fde4d8df965c13e4f06ce57b4c029d868f6,github-actions[bot]
370848721,v1.1.2,2026-03-10T14:01:58Z,false,370848721,tzfpy-1.1.2-cp314-cp314t-macosx_11_0_arm64.whl,https://github.com/ringsaturn/tzfpy/releases/download/v1.1.2/tzfpy-1.1.2-cp314-cp314t-macosx_11_0_arm64.whl,2026-03-10T14:01:58Z,sha256:83fcee54aea9c2fc8a2fee04374b1a51832d52cc99f817b4884a9871382f65c3,github-actions[bot]
370848714,v1.1.2,2026-03-10T14:01:58Z,false,370848714,tzfpy-1.1.2-cp314-cp314t-macosx_10_12_x86_64.whl,https://github.com/ringsaturn/tzfpy/releases/download/v1.1.2/tzfpy-1.1.2-cp314-cp314t-macosx_10_12_x86_64.whl,2026-03-10T14:01:58Z,sha256:362d23880d18d57a613e00f06cb43bd126a0185837242e79afa413934fb694cb,github-actions[bot]
370848725,v1.1.2,2026-03-10T14:01:58Z,false,370848725,tzfpy-1.1.2-cp310-abi3-win32.whl,https://github.com/ringsaturn/tzfpy/releases/download/v1.1.2/tzfpy-1.1.2-cp310-abi3-win32.whl,2026-03-10T14:01:58Z,sha256:d47e137c982a4504e53d2d9685288810815fdbe8e179ab0cd74f22fb2f53ec21,github-actions[bot]
370848722,v1.1.2,2026-03-10T14:01:58Z,false,370848722,tzfpy-1.1.2-cp310-abi3-musllinux_1_2_x86_64.whl,https://github.com/ringsaturn/tzfpy/releases/download/v1.1.2/tzfpy-1.1.2-cp310-abi3-musllinux_1_2_x86_64.whl,2026-03-10T14:01:58Z,sha256:d63cfe0cb55942cef961bc55ac5454e83920e2a0e95829c1d31649d3e377f01f,github-actions[bot]
370848713,v1.1.2,2026-03-10T14:01:58Z,false,370848713,tzfpy-1.1.2-cp310-abi3-musllinux_1_2_armv7l.whl,https://github.com/ringsaturn/tzfpy/releases/download/v1.1.2/tzfpy-1.1.2-cp310-abi3-musllinux_1_2_armv7l.whl,2026-03-10T14:01:58Z,sha256:e91eece2577c087e22617557132d1a0862336d80e788f56fc115e24ea876a8a9,github-actions[bot]
370848729,v1.1.2,2026-03-10T14:01:58Z,false,370848729,tzfpy-1.1.2-cp310-abi3-musllinux_1_2_aarch64.whl,https://github.com/ringsaturn/tzfpy/releases/download/v1.1.2/tzfpy-1.1.2-cp310-abi3-musllinux_1_2_aarch64.whl,2026-03-10T14:01:58Z,sha256:4205b6e5a520169099638e3527f64ea6202985112494c7fe98c6a377be092f78,github-actions[bot]
370848716,v1.1.2,2026-03-10T14:01:58Z,false,370848716,tzfpy-1.1.2-cp310-abi3-manylinux_2_17_armv7l.manylinux2014_armv7l.whl,https://github.com/ringsaturn/tzfpy/releases/download/v1.1.2/tzfpy-1.1.2-cp310-abi3-manylinux_2_17_armv7l.manylinux2014_armv7l.whl,2026-03-10T14:01:58Z,sha256:378d9e9fbdfa78f2f3343591ef0ae9afbcd82b4e57f5e057c849990302f1c7e6,github-actions[bot]
370848724,v1.1.2,2026-03-10T14:01:58Z,false,370848724,tzfpy-1.1.2-cp310-abi3-manylinux_2_17_aarch64.manylinux2014_aarch64.whl,https://github.com/ringsaturn/tzfpy/releases/download/v1.1.2/tzfpy-1.1.2-cp310-abi3-manylinux_2_17_aarch64.manylinux2014_aarch64.whl,2026-03-10T14:01:58Z,sha256:e2073a34bf3900f8dc07124e4a562817ee547a2673798dbfce7f0d2a1553e5ad,github-actions[bot]
370848728,v1.1.2,2026-03-10T14:01:58Z,false,370848728,tzfpy-1.1.2-cp310-abi3-macosx_11_0_arm64.whl,https://github.com/ringsaturn/tzfpy/releases/download/v1.1.2/tzfpy-1.1.2-cp310-abi3-macosx_11_0_arm64.whl,2026-03-10T14:01:58Z,sha256:d9a79c5edf4f1258480e7843f4af43ebc127fbda2100871c793d504450c5431f,github-actions[bot]
370848712,v1.1.2,2026-03-10T14:01:58Z,false,370848712,tzfpy-1.1.2-cp310-abi3-macosx_10_12_x86_64.whl,https://github.com/ringsaturn/tzfpy/releases/download/v1.1.2/tzfpy-1.1.2-cp310-abi3-macosx_10_12_x86_64.whl,2026-03-10T14:01:58Z,sha256:482a3f6485893581c3291755572551bb625c48ff62a447f24494a27fd2d4fc64,github-actions[bot]
370848727,v1.1.2,2026-03-10T14:01:58Z,false,370848727,tzfpy-1.1.2-cp38-cp38-manylinux_2_17_x86_64.manylinux2014_x86_64.whl,https://github.com/ringsaturn/tzfpy/releases/download/v1.1.2/tzfpy-1.1.2-cp38-cp38-manylinux_2_17_x86_64.manylinux2014_x86_64.whl,2026-03-10T14:01:57Z,sha256:a4c302f640b29e5e5eb80f3702aceb7946ca9a0b153c11a1712f5806b98dc3eb,github-actions[bot]
370848723,v1.1.2,2026-03-10T14:01:58Z,false,370848723,tzfpy-1.1.2-cp314-cp314t-win_amd64.whl,https://github.com/ringsaturn/tzfpy/releases/download/v1.1.2/tzfpy-1.1.2-cp314-cp314t-win_amd64.whl,2026-03-10T14:01:57Z,sha256:9996f585c205f72bd5a7db5baae08d520d7dfc69b3b6aa629e2b33bb8a6e34c1,github-actions[bot]
370848730,v1.1.2,2026-03-10T14:01:58Z,false,370848730,tzfpy-1.1.2-cp314-cp314t-win32.whl,https://github.com/ringsaturn/tzfpy/releases/download/v1.1.2/tzfpy-1.1.2-cp314-cp314t-win32.whl,2026-03-10T14:01:57Z,sha256:237d9a59af42b98000de0f346539f0030bbfd201602608c47c59751706e0f353,github-actions[bot]
370848710,v1.1.2,2026-03-10T14:01:58Z,false,370848710,tzfpy-1.1.2-cp314-cp314t-musllinux_1_2_aarch64.whl,https://github.com/ringsaturn/tzfpy/releases/download/v1.1.2/tzfpy-1.1.2-cp314-cp314t-musllinux_1_2_aarch64.whl,2026-03-10T14:01:57Z,sha256:1ad464f1be7256d237b8874a75c52845702ddf010b42686f3a04cf3a81b62464,github-actions[bot]
370848715,v1.1.2,2026-03-10T14:01:58Z,false,370848715,tzfpy-1.1.2-cp314-cp314t-manylinux_2_17_x86_64.manylinux2014_x86_64.whl,https://github.com/ringsaturn/tzfpy/releases/download/v1.1.2/tzfpy-1.1.2-cp314-cp314t-manylinux_2_17_x86_64.manylinux2014_x86_64.whl,2026-03-10T14:01:57Z,sha256:8f5cd6e6f923a40a63164f07a45b95293191fe20a0709e566ffc0ca7ca852414,github-actions[bot]
370848711,v1.1.2,2026-03-10T14:01:58Z,false,370848711,tzfpy-1.1.2-cp314-cp314t-manylinux_2_17_armv7l.manylinux2014_armv7l.whl,https://github.com/ringsaturn/tzfpy/releases/download/v1.1.2/tzfpy-1.1.2-cp314-cp314t-manylinux_2_17_armv7l.manylinux2014_armv7l.whl,2026-03-10T14:01:57Z,sha256:27e95cac71278a808569a3c00e401c40082a7ca819df2033c1f086c403bf9746,github-actions[bot]
370848709,v1.1.2,2026-03-10T14:01:58Z,false,370848709,tzfpy-1.1.2-cp310-abi3-win_amd64.whl,https://github.com/ringsaturn/tzfpy/releases/download/v1.1.2/tzfpy-1.1.2-cp310-abi3-win_amd64.whl,2026-03-10T14:01:57Z,sha256:5627adfc0e98973299849badde0aa94042299e2e57a2cbccc5877c4f7484de95,github-actions[bot]
340432406,v1.1.1,2026-01-14T12:43:05Z,false,340432406,tzfpy-1.1.1-cp314-cp314t-win32.whl,https://github.com/ringsaturn/tzfpy/releases/download/v1.1.1/tzfpy-1.1.1-cp314-cp314t-win32.whl,2026-01-14T12:43:05Z,sha256:717ca12cb2f66ad1d99ac477a5474e28000cc275ab5e541886233e52dd05726b,github-actions[bot]
340432411,v1.1.1,2026-01-14T12:43:05Z,false,340432411,tzfpy-1.1.1-cp314-cp314t-musllinux_1_2_x86_64.whl,https://github.com/ringsaturn/tzfpy/releases/download/v1.1.1/tzfpy-1.1.1-cp314-cp314t-musllinux_1_2_x86_64.whl,2026-01-14T12:43:05Z,sha256:4672447572779c62d8de0babfcc23c98303f17fe8fd1ee04a2e62b0bc13e1cef,github-actions[bot]
340432409,v1.1.1,2026-01-14T12:43:05Z,false,340432409,tzfpy-1.1.1-cp314-cp314t-musllinux_1_2_armv7l.whl,https://github.com/ringsaturn/tzfpy/releases/download/v1.1.1/tzfpy-1.1.1-cp314-cp314t-musllinux_1_2_armv7l.whl,2026-01-14T12:43:05Z,sha256:f4c54b2f0858224152299d7b9a54a49223b7b84f654752a52616fa93d6fe3655,github-actions[bot]
340432416,v1.1.1,2026-01-14T12:43:05Z,false,340432416,tzfpy-1.1.1-cp314-cp314t-musllinux_1_2_aarch64.whl,https://github.com/ringsaturn/tzfpy/releases/download/v1.1.1/tzfpy-1.1.1-cp314-cp314t-musllinux_1_2_aarch64.whl,2026-01-14T12:43:05Z,sha256:9af1c28cbefa1af6038d879c2391c2554034bf57cf1cbcc356a9d89c52542d6c,github-actions[bot]
340432413,v1.1.1,2026-01-14T12:43:05Z,false,340432413,tzfpy-1.1.1-cp314-cp314t-manylinux_2_17_x86_64.manylinux2014_x86_64.whl,https://github.com/ringsaturn/tzfpy/releases/download/v1.1.1/tzfpy-1.1.1-cp314-cp314t-manylinux_2_17_x86_64.manylinux2014_x86_64.whl,2026-01-14T12:43:05Z,sha256:0f49c15514de2a400a44553fd0c3b402b6cde43f1657d943c7e150560c9690d5,github-actions[bot]
340432420,v1.1.1,2026-01-14T12:43:05Z,false,340432420,tzfpy-1.1.1-cp314-cp314t-manylinux_2_17_armv7l.manylinux2014_armv7l.whl,https://github.com/ringsaturn/tzfpy/releases/download/v1.1.1/tzfpy-1.1.1-cp314-cp314t-manylinux_2_17_armv7l.manylinux2014_armv7l.whl,2026-01-14T12:43:05Z,sha256:93472df2e2777fc736207883b6310d177f1e3735d1f9cb1999deb90d379bae52,github-actions[bot]
340432419,v1.1.1,2026-01-14T12:43:05Z,false,340432419,tzfpy-1.1.1-cp314-cp314t-manylinux_2_17_aarch64.manylinux2014_aarch64.whl,https://github.com/ringsaturn/tzfpy/releases/download/v1.1.1/tzfpy-1.1.1-cp314-cp314t-manylinux_2_17_aarch64.manylinux2014_aarch64.whl,2026-01-14T12:43:05Z,sha256:d5ae81f9c8a02d574ad3a66c8e1f3f3760b6aa7277b82b30584ead7416dd23c9,github-actions[bot]
340432414,v1.1.1,2026-01-14T12:43:05Z,false,340432414,tzfpy-1.1.1-cp314-cp314t-macosx_11_0_arm64.whl,https://github.com/ringsaturn/tzfpy/releases/download/v1.1.1/tzfpy-1.1.1-cp314-cp314t-macosx_11_0_arm64.whl,2026-01-14T12:43:05Z,sha256:b72a9c8b54daaba960a09e177ef2d1d1f9224f03f16d18a3c105b46134d833cb,github-actions[bot]
340432417,v1.1.1,2026-01-14T12:43:05Z,false,340432417,tzfpy-1.1.1-cp314-cp314t-macosx_10_12_x86_64.whl,https://github.com/ringsaturn/tzfpy/releases/download/v1.1.1/tzfpy-1.1.1-cp314-cp314t-macosx_10_12_x86_64.whl,2026-01-14T12:43:05Z,sha256:705202a2dbda5af3a3a7bbc9c9be8d79dc797bc035b43b11e4cc63a4131516cc,github-actions[bot]
340432412,v1.1.1,2026-01-14T12:43:05Z,false,340432412,tzfpy-1.1.1-cp310-abi3-win_amd64.whl,https://github.com/ringsaturn/tzfpy/releases/download/v1.1.1/tzfpy-1.1.1-cp310-abi3-win_amd64.whl,2026-01-14T12:43:05Z,sha256:545f7daf5c2511f46da56f9e30d69d7d5a57b34410f4d90fc1ba915bdc24d4c8,github-actions[bot]
340432407,v1.1.1,2026-01-14T12:43:05Z,false,340432407,tzfpy-1.1.1-cp310-abi3-win32.whl,https://github.com/ringsaturn/tzfpy/releases/download/v1.1.1/tzfpy-1.1.1-cp310-abi3-win32.whl,2026-01-14T12:43:05Z,sha256:99e2a77484866da8365194bd143e530d69e49a572e53102e6ba8504adc866f8d,github-actions[bot]
340432410,v1.1.1,2026-01-14T12:43:05Z,false,340432410,tzfpy-1.1.1-cp310-abi3-musllinux_1_2_x86_64.whl,https://github.com/ringsaturn/tzfpy/releases/download/v1.1.1/tzfpy-1.1.1-cp310-abi3-musllinux_1_2_x86_64.whl,2026-01-14T12:43:05Z,sha256:b0dc7f079b0b95fdd8c35edde656be97ddeb8cca0e42291bc3087a4a746af31b,github-actions[bot]
340432415,v1.1.1,2026-01-14T12:43:05Z,false,340432415,tzfpy-1.1.1-cp310-abi3-musllinux_1_2_armv7l.whl,https://github.com/ringsaturn/tzfpy/releases/download/v1.1.1/tzfpy-1.1.1-cp310-abi3-musllinux_1_2_armv7l.whl,2026-01-14T12:43:05Z,sha256:2537c0ee8f79f3a0c478d902e9bf311ea8f3a8c542ef54b1af6c3050bad7870a,github-actions[bot]
340432418,v1.1.1,2026-01-14T12:43:05Z,false,340432418,tzfpy-1.1.1-cp310-abi3-musllinux_1_2_aarch64.whl,https://github.com/ringsaturn/tzfpy/releases/download/v1.1.1/tzfpy-1.1.1-cp310-abi3-musllinux_1_2_aarch64.whl,2026-01-14T12:43:05Z,sha256:98a36aea34a2331a92e705d8eb5a51d2ea14190f9461f2da86a702a03e2c3306,github-actions[bot]
340432425,v1.1.1,2026-01-14T12:43:05Z,false,340432425,tzfpy-1.1.1-cp310-abi3-manylinux_2_17_x86_64.manylinux2014_x86_64.whl,https://github.com/ringsaturn/tzfpy/releases/download/v1.1.1/tzfpy-1.1.1-cp310-abi3-manylinux_2_17_x86_64.manylinux2014_x86_64.whl,2026-01-14T12:43:05Z,sha256:7154a5de0e36b315b797c11ccb7e690d472a60c539453d39dd9d617ea2300b3c,github-actions[bot]
340432422,v1.1.1,2026-01-14T12:43:05Z,false,340432422,tzfpy-1.1.1-cp310-abi3-manylinux_2_17_armv7l.manylinux2014_armv7l.whl,https://github.com/ringsaturn/tzfpy/releases/download/v1.1.1/tzfpy-1.1.1-cp310-abi3-manylinux_2_17_armv7l.manylinux2014_armv7l.whl,2026-01-14T12:43:05Z,sha256:5b8e2b5a01bf9f38dea4ae5d5510f1208a1177f4db539026833f0d7dc1aabb45,github-actions[bot]
340432426,v1.1.1,2026-01-14T12:43:05Z,false,340432426,tzfpy-1.1.1-cp310-abi3-manylinux_2_17_aarch64.manylinux2014_aarch64.whl,https://github.com/ringsaturn/tzfpy/releases/download/v1.1.1/tzfpy-1.1.1-cp310-abi3-manylinux_2_17_aarch64.manylinux2014_aarch64.whl,2026-01-14T12:43:05Z,sha256:6229485b1f2613db755a234aebb79be0698582e2c5d60377744b289768afe5d0,github-actions[bot]
340432423,v1.1.1,2026-01-14T12:43:05Z,false,340432423,tzfpy-1.1.1-cp310-abi3-macosx_11_0_arm64.whl,https://github.com/ringsaturn/tzfpy/releases/download/v1.1.1/tzfpy-1.1.1-cp310-abi3-macosx_11_0_arm64.whl,2026-01-14T12:43:05Z,sha256:1cf67b636deb86b09c0cb1b2f6b97093f22f2573a0930d1468c0a64266dc4e53,github-actions[bot]
340432421,v1.1.1,2026-01-14T12:43:05Z,false,340432421,tzfpy-1.1.1-cp310-abi3-macosx_10_12_x86_64.whl,https://github.com/ringsaturn/tzfpy/releases/download/v1.1.1/tzfpy-1.1.1-cp310-abi3-macosx_10_12_x86_64.whl,2026-01-14T12:43:05Z,sha256:5befec8b573d76925919aee60076dcbd31b6c7cd054b2ccd6457a1ba2a2c1c42,github-actions[bot]
340432408,v1.1.1,2026-01-14T12:43:05Z,false,340432408,tzfpy-1.1.1-cp314-cp314t-win_amd64.whl,https://github.com/ringsaturn/tzfpy/releases/download/v1.1.1/tzfpy-1.1.1-cp314-cp314t-win_amd64.whl,2026-01-14T12:43:04Z,sha256:800227121c0d778b8c8d0dc4bc03c750d0c56ba659a0b107b6c4f38379ba8aae,github-actions[bot]
308035470,v1.1.0,2025-10-24T02:49:09Z,false,308035470,tzfpy-1.1.0-cp314-cp314t-win_arm64.whl,https://github.com/ringsaturn/tzfpy/releases/download/v1.1.0/tzfpy-1.1.0-cp314-cp314t-win_arm64.whl,2025-10-24T02:49:11Z,sha256:2253fed19c3f806afb44fbaa5990adbc2b944e347af2d5ff64bfe5b6f8cc23ed,github-actions[bot]
308035485,v1.1.0,2025-10-24T02:49:09Z,false,308035485,tzfpy-1.1.0-cp314-cp314t-win_amd64.whl,https://github.com/ringsaturn/tzfpy/releases/download/v1.1.0/tzfpy-1.1.0-cp314-cp314t-win_amd64.whl,2025-10-24T02:49:11Z,sha256:0692143adfeb13fdd867821d3d97a4146270ea4a18b7c357db0e1e959b039026,github-actions[bot]
308035480,v1.1.0,2025-10-24T02:49:09Z,false,308035480,tzfpy-1.1.0-cp314-cp314t-musllinux_1_2_x86_64.whl,https://github.com/ringsaturn/tzfpy/releases/download/v1.1.0/tzfpy-1.1.0-cp314-cp314t-musllinux_1_2_x86_64.whl,2025-10-24T02:49:11Z,sha256:1ef917d5c8f1a388e76ab1482f2d6ba45bfd8bb72e01f7ce3c1e438fffa99ff1,github-actions[bot]
308035472,v1.1.0,2025-10-24T02:49:09Z,false,308035472,tzfpy-1.1.0-cp314-cp314t-musllinux_1_2_aarch64.whl,https://github.com/ringsaturn/tzfpy/releases/download/v1.1.0/tzfpy-1.1.0-cp314-cp314t-musllinux_1_2_aarch64.whl,2025-10-24T02:49:11Z,sha256:57f5e0ac3a2b15989783e5903f58249a8ca5c7fa865fbb5a822f868e5d63c101,github-actions[bot]
308035469,v1.1.0,2025-10-24T02:49:09Z,false,308035469,tzfpy-1.1.0-cp314-cp314t-manylinux_2_17_x86_64.manylinux2014_x86_64.whl,https://github.com/ringsaturn/tzfpy/releases/download/v1.1.0/tzfpy-1.1.0-cp314-cp314t-manylinux_2_17_x86_64.manylinux2014_x86_64.whl,2025-10-24T02:49:11Z,sha256:a8b3f859423958fd0318c933c1855ec2e2daa984e03dc0aa466139a8c0628106,github-actions[bot]
308035482,v1.1.0,2025-10-24T02:49:09Z,false,308035482,tzfpy-1.1.0-cp314-cp314t-manylinux_2_17_armv7l.manylinux2014_armv7l.whl,https://github.com/ringsaturn/tzfpy/releases/download/v1.1.0/tzfpy-1.1.0-cp314-cp314t-manylinux_2_17_armv7l.manylinux2014_armv7l.whl,2025-10-24T02:49:11Z,sha256:ceff7968e2dd6ff100d82a7497f467981be0f33a4281b98a652cb3e2468281bc,github-actions[bot]
308035483,v1.1.0,2025-10-24T02:49:09Z,false,308035483,tzfpy-1.1.0-cp314-cp314t-manylinux_2_17_aarch64.manylinux2014_aarch64.whl,https://github.com/ringsaturn/tzfpy/releases/download/v1.1.0/tzfpy-1.1.0-cp314-cp314t-manylinux_2_17_aarch64.manylinux2014_aarch64.whl,2025-10-24T02:49:11Z,sha256:7d377240e42c194aeb29eceaad120be18ddabae63ee078be55474560dcacad7e,github-actions[bot]
308035473,v1.1.0,2025-10-24T02:49:09Z,false,308035473,tzfpy-1.1.0-cp314-cp314t-macosx_10_12_x86_64.whl,https://github.com/ringsaturn/tzfpy/releases/download/v1.1.0/tzfpy-1.1.0-cp314-cp314t-macosx_10_12_x86_64.whl,2025-10-24T02:49:11Z,sha256:2ded3dddbd33c3f7ffda81fd14619bdd658566f4bc5ea44ad53a4ab707cd3de8,github-actions[bot]
308035468,v1.1.0,2025-10-24T02:49:09Z,false,308035468,tzfpy-1.1.0-cp310-abi3-win_arm64.whl,https://github.com/ringsaturn/tzfpy/releases/download/v1.1.0/tzfpy-1.1.0-cp310-abi3-win_arm64.whl,2025-10-24T02:49:11Z,sha256:8a3325fdf98eb04564504cec3e91e71f5225998c4d16b5d25b044345f33333c7,github-actions[bot]
308035488,v1.1.0,2025-10-24T02:49:09Z,false,308035488,tzfpy-1.1.0-cp310-abi3-musllinux_1_2_armv7l.whl,https://github.com/ringsaturn/tzfpy/releases/download/v1.1.0/tzfpy-1.1.0-cp310-abi3-musllinux_1_2_armv7l.whl,2025-10-24T02:49:11Z,sha256:bc627f44e5c85c677d811562befbca4ac530c3c35e87e0af5e390e38a623fe22,github-actions[bot]
308035487,v1.1.0,2025-10-24T02:49:09Z,false,308035487,tzfpy-1.1.0-cp310-abi3-musllinux_1_2_aarch64.whl,https://github.com/ringsaturn/tzfpy/releases/download/v1.1.0/tzfpy-1.1.0-cp310-abi3-musllinux_1_2_aarch64.whl,2025-10-24T02:49:11Z,sha256:1779ab5aaed7f4c784933ae03654f441338bc4484cbedeadd09bd1598955f230,github-actions[bot]
308035474,v1.1.0,2025-10-24T02:49:09Z,false,308035474,tzfpy-1.1.0-cp310-abi3-manylinux_2_17_x86_64.manylinux2014_x86_64.whl,https://github.com/ringsaturn/tzfpy/releases/download/v1.1.0/tzfpy-1.1.0-cp310-abi3-manylinux_2_17_x86_64.manylinux2014_x86_64.whl,2025-10-24T02:49:11Z,sha256:37bdfa921fb35da7491cb81b122db93947dd797f03f81e35254b622e60727a25,github-actions[bot]
308035481,v1.1.0,2025-10-24T02:49:09Z,false,308035481,tzfpy-1.1.0-cp310-abi3-manylinux_2_17_armv7l.manylinux2014_armv7l.whl,https://github.com/ringsaturn/tzfpy/releases/download/v1.1.0/tzfpy-1.1.0-cp310-abi3-manylinux_2_17_armv7l.manylinux2014_armv7l.whl,2025-10-24T02:49:11Z,sha256:2a76af2728693429b42335321411870d12022a6de31c8c7846f89a592f045bf4,github-actions[bot]
308035484,v1.1.0,2025-10-24T02:49:09Z,false,308035484,tzfpy-1.1.0-cp310-abi3-manylinux_2_17_aarch64.manylinux2014_aarch64.whl,https://github.com/ringsaturn/tzfpy/releases/download/v1.1.0/tzfpy-1.1.0-cp310-abi3-manylinux_2_17_aarch64.manylinux2014_aarch64.whl,2025-10-24T02:49:11Z,sha256:775ea23e546382ebced4b3cad53d398e060fb38a32a247d94f2c9a158602b5df,github-actions[bot]
308035486,v1.1.0,2025-10-24T02:49:09Z,false,308035486,tzfpy-1.1.0-cp310-abi3-macosx_10_12_x86_64.whl,https://github.com/ringsaturn/tzfpy/releases/download/v1.1.0/tzfpy-1.1.0-cp310-abi3-macosx_10_12_x86_64.whl,2025-10-24T02:49:11Z,sha256:a6f8ba191a91c0cd36b9dfa8fc6b9637532389c2a01b51389e864e064e53b0df,github-actions[bot]
308035476,v1.1.0,2025-10-24T02:49:09Z,false,308035476,tzfpy-1.1.0-cp314-cp314t-musllinux_1_2_armv7l.whl,https://github.com/ringsaturn/tzfpy/releases/download/v1.1.0/tzfpy-1.1.0-cp314-cp314t-musllinux_1_2_armv7l.whl,2025-10-24T02:49:10Z,sha256:c7daef9e390f3bedb03199f1c033c0fd804dc229d1498d67cfecf4c8fe0dcda2,github-actions[bot]
308035467,v1.1.0,2025-10-24T02:49:09Z,false,308035467,tzfpy-1.1.0-cp314-cp314t-macosx_11_0_arm64.whl,https://github.com/ringsaturn/tzfpy/releases/download/v1.1.0/tzfpy-1.1.0-cp314-cp314t-macosx_11_0_arm64.whl,2025-10-24T02:49:10Z,sha256:8fb78b3c0be4b115dc37804c0e56c664c6d5fe1e18ddd8af5ff211a5e1b0aee0,github-actions[bot]
308035471,v1.1.0,2025-10-24T02:49:09Z,false,308035471,tzfpy-1.1.0-cp310-abi3-win_amd64.whl,https://github.com/ringsaturn/tzfpy/releases/download/v1.1.0/tzfpy-1.1.0-cp310-abi3-win_amd64.whl,2025-10-24T02:49:10Z,sha256:52b45a0b924725f67348e6070c123f4217b70976f41857abc9f55e7be8284b5f,github-actions[bot]
308035479,v1.1.0,2025-10-24T02:49:09Z,false,308035479,tzfpy-1.1.0-cp310-abi3-musllinux_1_2_x86_64.whl,https://github.com/ringsaturn/tzfpy/releases/download/v1.1.0/tzfpy-1.1.0-cp310-abi3-musllinux_1_2_x86_64.whl,2025-10-24T02:49:10Z,sha256:184b1fb1373d94221573b337bcdd811c887d31929bef9d33d9ccd57a80451642,github-actions[bot]
308035478,v1.1.0,2025-10-24T02:49:09Z,false,308035478,tzfpy-1.1.0-cp310-abi3-macosx_11_0_arm64.whl,https://github.com/ringsaturn/tzfpy/releases/download/v1.1.0/tzfpy-1.1.0-cp310-abi3-macosx_11_0_arm64.whl,2025-10-24T02:49:10Z,sha256:5bd48c9381224abdef4d614f497ad3ff0027ad1c6320cf7504725c598e2e22ec,github-actions[bot]
303024916,v1.0.1,2025-10-11T09:05:28Z,false,303024916,tzfpy-1.0.1-cp314-cp314t-manylinux_2_17_x86_64.manylinux2014_x86_64.whl,https://github.com/ringsaturn/tzfpy/releases/download/v1.0.1/tzfpy-1.0.1-cp314-cp314t-manylinux_2_17_x86_64.manylinux2014_x86_64.whl,2025-10-11T09:05:30Z,sha256:3a8c2b7cd06fd0dd52b100144614582256983cdc13d586138ab3c805e69b28c6,github-actions[bot]
303024907,v1.0.1,2025-10-11T09:05:28Z,false,303024907,tzfpy-1.0.1-cp314-cp314t-win_arm64.whl,https://github.com/ringsaturn/tzfpy/releases/download/v1.0.1/tzfpy-1.0.1-cp314-cp314t-win_arm64.whl,2025-10-11T09:05:29Z,sha256:eba11d2562a0b489a34e2a0549abef6ca30941612f92dd735f95ceacae626509,github-actions[bot]
303024899,v1.0.1,2025-10-11T09:05:28Z,false,303024899,tzfpy-1.0.1-cp314-cp314t-win_amd64.whl,https://github.com/ringsaturn/tzfpy/releases/download/v1.0.1/tzfpy-1.0.1-cp314-cp314t-win_amd64.whl,2025-10-11T09:05:29Z,sha256:befc3a9039958d4ea46168d42474003c4470709af7f96fbfcd4182b19ffea116,github-actions[bot]
303024902,v1.0.1,2025-10-11T09:05:28Z,false,303024902,tzfpy-1.0.1-cp314-cp314t-musllinux_1_2_x86_64.whl,https://github.com/ringsaturn/tzfpy/releases/download/v1.0.1/tzfpy-1.0.1-cp314-cp314t-musllinux_1_2_x86_64.whl,2025-10-11T09:05:29Z,sha256:9089e5a199742c139f9c940339f02a83f2b5cec290cb7ebb16c36f8e2d285cf8,github-actions[bot]
303024906,v1.0.1,2025-10-11T09:05:28Z,false,303024906,tzfpy-1.0.1-cp314-cp314t-musllinux_1_2_armv7l.whl,https://github.com/ringsaturn/tzfpy/releases/download/v1.0.1/tzfpy-1.0.1-cp314-cp314t-musllinux_1_2_armv7l.whl,2025-10-11T09:05:29Z,sha256:bb8d740e18e931109f9d5fec3a0ddeb5d8c0379b5c92f87df13fa5d3b98296f4,github-actions[bot]
303024904,v1.0.1,2025-10-11T09:05:28Z,false,303024904,tzfpy-1.0.1-cp314-cp314t-musllinux_1_2_aarch64.whl,https://github.com/ringsaturn/tzfpy/releases/download/v1.0.1/tzfpy-1.0.1-cp314-cp314t-musllinux_1_2_aarch64.whl,2025-10-11T09:05:29Z,sha256:c3540ca18b82b63b73989cf4bce850593eab382c150719770081f78c92aeae31,github-actions[bot]
303024911,v1.0.1,2025-10-11T09:05:28Z,false,303024911,tzfpy-1.0.1-cp314-cp314t-manylinux_2_17_armv7l.manylinux2014_armv7l.whl,https://github.com/ringsaturn/tzfpy/releases/download/v1.0.1/tzfpy-1.0.1-cp314-cp314t-manylinux_2_17_armv7l.manylinux2014_armv7l.whl,2025-10-11T09:05:29Z,sha256:9d30841fbf0598e8db1b3273d0b22bc22653aaa155885fd64fafd7f9a51df767,github-actions[bot]
303024915,v1.0.1,2025-10-11T09:05:28Z,false,303024915,tzfpy-1.0.1-cp314-cp314t-manylinux_2_17_aarch64.manylinux2014_aarch64.whl,https://github.com/ringsaturn/tzfpy/releases/download/v1.0.1/tzfpy-1.0.1-cp314-cp314t-manylinux_2_17_aarch64.manylinux2014_aarch64.whl,2025-10-11T09:05:29Z,sha256:4cda2fe96b72b976cfd9f8ebdc78e45c4ad1e6f47d3df077f82c82fd575e1011,github-actions[bot]
303024903,v1.0.1,2025-10-11T09:05:28Z,false,303024903,tzfpy-1.0.1-cp314-cp314t-macosx_11_0_arm64.whl,https://github.com/ringsaturn/tzfpy/releases/download/v1.0.1/tzfpy-1.0.1-cp314-cp314t-macosx_11_0_arm64.whl,2025-10-11T09:05:29Z,sha256:5c0d137f342a695b27bda18024aeb21e85e8d264e3d2dd737e6503f96d21dbef,github-actions[bot]
303024909,v1.0.1,2025-10-11T09:05:28Z,false,303024909,tzfpy-1.0.1-cp314-cp314t-macosx_10_12_x86_64.whl,https://github.com/ringsaturn/tzfpy/releases/download/v1.0.1/tzfpy-1.0.1-cp314-cp314t-macosx_10_12_x86_64.whl,2025-10-11T09:05:29Z,sha256:f14dadf50c03b2d8778b8a51a02ec21fe7f39d9c07917ed6627d779d4c27e8bc,github-actions[bot]
303024901,v1.0.1,2025-10-11T09:05:28Z,false,303024901,tzfpy-1.0.1-cp310-abi3-win_arm64.whl,https://github.com/ringsaturn/tzfpy/releases/download/v1.0.1/tzfpy-1.0.1-cp310-abi3-win_arm64.whl,2025-10-11T09:05:29Z,sha256:19fcbe736166d5e524b4fb3a0ba8ef9a532f31082fa63e1a5f07c0bcae14b8cd,github-actions[bot]
303024897,v1.0.1,2025-10-11T09:05:28Z,false,303024897,tzfpy-1.0.1-cp310-abi3-win_amd64.whl,https://github.com/ringsaturn/tzfpy/releases/download/v1.0.1/tzfpy-1.0.1-cp310-abi3-win_amd64.whl,2025-10-11T09:05:29Z,sha256:488c86441b766bda039ce30647896335dc7831ef2ecace3fbe5affd8876b9434,github-actions[bot]
303024905,v1.0.1,2025-10-11T09:05:28Z,false,303024905,tzfpy-1.0.1-cp310-abi3-musllinux_1_2_x86_64.whl,https://github.com/ringsaturn/tzfpy/releases/download/v1.0.1/tzfpy-1.0.1-cp310-abi3-musllinux_1_2_x86_64.whl,2025-10-11T09:05:29Z,sha256:70fdb3aefcb8f182123f8fe7aecdb67d61349204861477aadd5a13b4d440a1ea,github-actions[bot]
303024900,v1.0.1,2025-10-11T09:05:28Z,false,303024900,tzfpy-1.0.1-cp310-abi3-musllinux_1_2_armv7l.whl,https://github.com/ringsaturn/tzfpy/releases/download/v1.0.1/tzfpy-1.0.1-cp310-abi3-musllinux_1_2_armv7l.whl,2025-10-11T09:05:29Z,sha256:c07c947d7b3f2f89d3369f92755a3bd8385b853f28b5d0115db9ee9d653d84ec,github-actions[bot]
303024910,v1.0.1,2025-10-11T09:05:28Z,false,303024910,tzfpy-1.0.1-cp310-abi3-musllinux_1_2_aarch64.whl,https://github.com/ringsaturn/tzfpy/releases/download/v1.0.1/tzfpy-1.0.1-cp310-abi3-musllinux_1_2_aarch64.whl,2025-10-11T09:05:29Z,sha256:6583aea292e8885ca6e89cc24724cd39d80bce0647214742ccb40adc7153fbd7,github-actions[bot]
303024914,v1.0.1,2025-10-11T09:05:28Z,false,303024914,tzfpy-1.0.1-cp310-abi3-manylinux_2_17_x86_64.manylinux2014_x86_64.whl,https://github.com/ringsaturn/tzfpy/releases/download/v1.0.1/tzfpy-1.0.1-cp310-abi3-manylinux_2_17_x86_64.manylinux2014_x86_64.whl,2025-10-11T09:05:29Z,sha256:a88d3715c1211a0f80fef2b777c91a3fedbd6907c5feb83c38dd2defd3673b49,github-actions[bot]
303024917,v1.0.1,2025-10-11T09:05:28Z,false,303024917,tzfpy-1.0.1-cp310-abi3-manylinux_2_17_armv7l.manylinux2014_armv7l.whl,https://github.com/ringsaturn/tzfpy/releases/download/v1.0.1/tzfpy-1.0.1-cp310-abi3-manylinux_2_17_armv7l.manylinux2014_armv7l.whl,2025-10-11T09:05:29Z,sha256:f9e2c44887ef26bf62f42fb6745163cf3b857642108ed78cc8e4372c8967c230,github-actions[bot]
303024913,v1.0.1,2025-10-11T09:05:28Z,false,303024913,tzfpy-1.0.1-cp310-abi3-manylinux_2_17_aarch64.manylinux2014_aarch64.whl,https://github.com/ringsaturn/tzfpy/releases/download/v1.0.1/tzfpy-1.0.1-cp310-abi3-manylinux_2_17_aarch64.manylinux2014_aarch64.whl,2025-10-11T09:05:29Z,sha256:fdcfb996c92ce89fd5c5ef102b50903cbe61146a5cfbe10f5c8fc78da94f3427,github-actions[bot]
303024912,v1.0.1,2025-10-11T09:05:28Z,false,303024912,tzfpy-1.0.1-cp310-abi3-macosx_11_0_arm64.whl,https://github.com/ringsaturn/tzfpy/releases/download/v1.0.1/tzfpy-1.0.1-cp310-abi3-macosx_11_0_arm64.whl,2025-10-11T09:05:29Z,sha256:3837b4f80af9459c08c3d0d709037f83696b6b6be228e1efe56fcfc12e39a995,github-actions[bot]
303024898,v1.0.1,2025-10-11T09:05:28Z,false,303024898,tzfpy-1.0.1-cp310-abi3-macosx_10_12_x86_64.whl,https://github.com/ringsaturn/tzfpy/releases/download/v1.0.1/tzfpy-1.0.1-cp310-abi3-macosx_10_12_x86_64.whl,2025-10-11T09:05:29Z,sha256:ecd0960cb5ca4e39d38ffef0d09d627108dde6d893f20a783a3ae975cadf039c,github-actions[bot]
250934290,v1.0.0,2025-03-25T04:48:12Z,false,250934290,tzfpy-1.0.0-cp39-abi3-win_arm64.whl,https://github.com/ringsaturn/tzfpy/releases/download/v1.0.0/tzfpy-1.0.0-cp39-abi3-win_arm64.whl,2025-05-01T03:47:03Z,,ringsaturn
250934276,v1.0.0,2025-03-25T04:48:12Z,false,250934276,tzfpy-1.0.0-cp39-abi3-win_amd64.whl,https://github.com/ringsaturn/tzfpy/releases/download/v1.0.0/tzfpy-1.0.0-cp39-abi3-win_amd64.whl,2025-05-01T03:46:56Z,,ringsaturn
250934272,v1.0.0,2025-03-25T04:48:12Z,false,250934272,tzfpy-1.0.0-cp313-cp313t-manylinux_2_17_aarch64.manylinux2014_aarch64.whl,https://github.com/ringsaturn/tzfpy/releases/download/v1.0.0/tzfpy-1.0.0-cp313-cp313t-manylinux_2_17_aarch64.manylinux2014_aarch64.whl,2025-05-01T03:46:49Z,,ringsaturn
250934267,v1.0.0,2025-03-25T04:48:12Z,false,250934267,tzfpy-1.0.0-cp313-cp313t-manylinux_2_17_x86_64.manylinux2014_x86_64.whl,https://github.com/ringsaturn/tzfpy/releases/download/v1.0.0/tzfpy-1.0.0-cp313-cp313t-manylinux_2_17_x86_64.manylinux2014_x86_64.whl,2025-05-01T03:46:44Z,,ringsaturn
250934261,v1.0.0,2025-03-25T04:48:12Z,false,250934261,tzfpy-1.0.0-cp39-abi3-manylinux_2_17_aarch64.manylinux2014_aarch64.whl,https://github.com/ringsaturn/tzfpy/releases/download/v1.0.0/tzfpy-1.0.0-cp39-abi3-manylinux_2_17_aarch64.manylinux2014_aarch64.whl,2025-05-01T03:46:40Z,,ringsaturn
250934232,v1.0.0,2025-03-25T04:48:12Z,false,250934232,tzfpy-1.0.0-cp39-abi3-manylinux_2_17_x86_64.manylinux2014_x86_64.whl,https://github.com/ringsaturn/tzfpy/releases/download/v1.0.0/tzfpy-1.0.0-cp39-abi3-manylinux_2_17_x86_64.manylinux2014_x86_64.whl,2025-05-01T03:46:36Z,,ringsaturn
250934197,v1.0.0,2025-03-25T04:48:12Z,false,250934197,tzfpy-1.0.0-cp313-cp313t-manylinux_2_24_armv7l.whl,https://github.com/ringsaturn/tzfpy/releases/download/v1.0.0/tzfpy-1.0.0-cp313-cp313t-manylinux_2_24_armv7l.whl,2025-05-01T03:46:30Z,,ringsaturn
250934178,v1.0.0,2025-03-25T04:48:12Z,false,250934178,tzfpy-1.0.0-cp39-abi3-manylinux_2_24_armv7l.whl,https://github.com/ringsaturn/tzfpy/releases/download/v1.0.0/tzfpy-1.0.0-cp39-abi3-manylinux_2_24_armv7l.whl,2025-05-01T03:46:23Z,,ringsaturn
250934164,v1.0.0,2025-03-25T04:48:12Z,false,250934164,tzfpy-1.0.0-cp39-abi3-musllinux_1_1_x86_64.whl,https://github.com/ringsaturn/tzfpy/releases/download/v1.0.0/tzfpy-1.0.0-cp39-abi3-musllinux_1_1_x86_64.whl,2025-05-01T03:46:18Z,,ringsaturn
250934152,v1.0.0,2025-03-25T04:48:12Z,false,250934152,tzfpy-1.0.0-cp39-abi3-musllinux_1_1_aarch64.whl,https://github.com/ringsaturn/tzfpy/releases/download/v1.0.0/tzfpy-1.0.0-cp39-abi3-musllinux_1_1_aarch64.whl,2025-05-01T03:46:12Z,,ringsaturn
250934142,v1.0.0,2025-03-25T04:48:12Z,false,250934142,tzfpy-1.0.0-cp313-cp313t-macosx_10_12_x86_64.macosx_11_0_arm64.macosx_10_12_universal2.whl,https://github.com/ringsaturn/tzfpy/releases/download/v1.0.0/tzfpy-1.0.0-cp313-cp313t-macosx_10_12_x86_64.macosx_11_0_arm64.macosx_10_12_universal2.whl,2025-05-01T03:46:05Z,,ringsaturn
250934123,v1.0.0,2025-03-25T04:48:12Z,false,250934123,tzfpy-1.0.0-cp39-abi3-macosx_10_12_x86_64.macosx_11_0_arm64.macosx_10_12_universal2.whl,https://github.com/ringsaturn/tzfpy/releases/download/v1.0.0/tzfpy-1.0.0-cp39-abi3-macosx_10_12_x86_64.macosx_11_0_arm64.macosx_10_12_universal2.whl,2025-05-01T03:45:59Z,,ringsaturn
