version,rank_cleanup,filename,size_bytes,size_mb,downloads_all_30d,downloads_installer_nexus_30d,downloads_installer_bandersnatch_30d,downloads_installer_devpi_30d,downloads_installer_browser_30d,downloads_installer_unknown_30d,downloads_installer_pip_30d,downloads_installer_uv_30d,downloads_installer_poetry_30d,downloads_installer_requests_30d
0.6.0,33,tzfpy-0.6.0-pp39-pypy39_pp73-macosx_11_0_x86_64.whl,37808326,36.057,14,1,3,0,9,1,0,0,0,0
0.6.0,120,tzfpy-0.6.0-cp38-cp38-macosx_11_0_x86_64.whl,37808317,36.057,16,1,3,0,10,2,0,0,0,0
0.6.0,121,tzfpy-0.6.0-cp39-cp39-macosx_11_0_x86_64.whl,37808318,36.057,16,1,3,0,10,2,0,0,0,0
0.6.0,122,tzfpy-0.6.0-pp37-pypy37_pp73-macosx_11_0_x86_64.whl,37808327,36.057,16,1,3,0,11,1,0,0,0,0
0.6.0,179,tzfpy-0.6.0-cp36-cp36m-macosx_11_0_x86_64.whl,37808335,36.057,17,1,3,0,11,2,0,0,0,0
0.6.0,180,tzfpy-0.6.0-cp37-cp37m-macosx_11_0_x86_64.whl,37808320,36.057,17,1,3,0,11,2,0,0,0,0
0.6.0,335,tzfpy-0.6.0-cp37-cp37m-manylinux_2_5_x86_64.manylinux1_x86_64.manylinux_2_17_x86_64.manylinux2014_x86_64.whl,37497737,35.761,19,1,7,0,9,2,0,0,0,0
0.6.0,336,tzfpy-0.6.0-pp37-pypy37_pp73-manylinux_2_5_x86_64.manylinux1_x86_64.manylinux_2_17_x86_64.manylinux2014_x86_64.whl,37497742,35.761,19,1,7,0,10,1,0,0,0,0
0.6.0,337,tzfpy-0.6.0-pp38-pypy38_pp73-macosx_11_0_x86_64.whl,37808326,36.057,19,1,3,0,14,1,0,0,0,0
0.6.0,425,tzfpy-0.6.0-cp38-cp38-manylinux_2_5_x86_64.manylinux1_x86_64.manylinux_2_17_x86_64.manylinux2014_x86_64.whl,37497738,35.761,20,1,8,0,9,2,0,0,0,0
0.6.0,515,tzfpy-0.6.0-cp39-cp39-manylinux_2_5_x86_64.manylinux1_x86_64.manylinux_2_17_x86_64.manylinux2014_x86_64.whl,37497736,35.761,21,1,8,0,10,2,0,0,0,0
0.6.0,640,tzfpy-0.6.0-cp310-cp310-manylinux_2_5_x86_64.manylinux1_x86_64.manylinux_2_17_x86_64.manylinux2014_x86_64.whl,37497739,35.761,22,1,8,0,10,3,0,0,0,0
0.6.0,706,tzfpy-0.6.0-pp38-pypy38_pp73-manylinux_2_5_x86_64.manylinux1_x86_64.manylinux_2_17_x86_64.manylinux2014_x86_64.whl,37497741,35.761,23,1,8,0,13,1,0,0,0,0
0.6.0,751,tzfpy-0.6.0-cp36-cp36m-manylinux_2_5_x86_64.manylinux1_x86_64.manylinux_2_17_x86_64.manylinux2014_x86_64.whl,37497754,35.761,24,1,7,0,14,2,0,0,0,0
0.6.0,876,tzfpy-0.6.0-cp310-cp310-macosx_11_0_x86_64.whl,37808321,36.057,38,1,3,0,11,23,0,0,0,0
0.6.2,34,tzfpy-0.6.2-cp39-cp39-macosx_11_0_x86_64.whl,8655945,8.255,14,1,3,0,8,2,0,0,0,0
0.6.2,35,tzfpy-0.6.2-pp37-pypy37_pp73-macosx_11_0_x86_64.whl,8655951,8.255,14,1,3,0,9,1,0,0,0,0
0.6.2,69,tzfpy-0.6.2-cp37-cp37m-macosx_11_0_x86_64.whl,8655947,8.255,15,1,3,0,9,2,0,0,0,0
0.6.2,70,tzfpy-0.6.2-cp37-cp37m-manylinux_2_5_x86_64.manylinux1_x86_64.manylinux_2_17_x86_64.manylinux2014_x86_64.whl,8342712,7.956,15,1,7,0,5,2,0,0,0,0
0.6.2,71,tzfpy-0.6.2-pp38-pypy38_pp73-macosx_11_0_x86_64.whl,8655951,8.255,15,1,3,0,10,1,0,0,0,0
0.6.2,123,tzfpy-0.6.2-cp38-cp38-manylinux_2_5_x86_64.manylinux1_x86_64.manylinux_2_17_x86_64.manylinux2014_x86_64.whl,8342710,7.956,16,1,8,0,5,2,0,0,0,0
0.6.2,124,tzfpy-0.6.2-pp39-pypy39_pp73-macosx_11_0_x86_64.whl,8655951,8.255,16,1,3,0,11,1,0,0,0,0
0.6.2,181,tzfpy-0.6.2-cp310-cp310-macosx_11_0_x86_64.whl,8655947,8.255,17,1,3,0,11,2,0,0,0,0
0.6.2,262,tzfpy-0.6.2-cp36-cp36m-macosx_11_0_x86_64.whl,8655962,8.255,18,1,3,0,12,2,0,0,0,0
0.6.2,263,tzfpy-0.6.2-cp38-cp38-macosx_11_0_x86_64.whl,8655944,8.255,18,1,3,0,7,7,0,0,0,0
0.6.2,264,tzfpy-0.6.2-pp37-pypy37_pp73-manylinux_2_5_x86_64.manylinux1_x86_64.manylinux_2_17_x86_64.manylinux2014_x86_64.whl,8342715,7.956,18,1,7,0,8,2,0,0,0,0
0.6.2,338,tzfpy-0.6.2-cp36-cp36m-manylinux_2_5_x86_64.manylinux1_x86_64.manylinux_2_17_x86_64.manylinux2014_x86_64.whl,8342724,7.956,19,1,7,0,8,3,0,0,0,0
0.6.2,339,tzfpy-0.6.2-cp39-cp39-manylinux_2_5_x86_64.manylinux1_x86_64.manylinux_2_17_x86_64.manylinux2014_x86_64.whl,8342710,7.956,19,1,8,0,8,2,0,0,0,0
0.6.2,426,tzfpy-0.6.2-cp310-cp310-manylinux_2_5_x86_64.manylinux1_x86_64.manylinux_2_17_x86_64.manylinux2014_x86_64.whl,8342710,7.956,20,1,8,0,8,3,0,0,0,0
0.6.2,642,tzfpy-0.6.2-pp38-pypy38_pp73-manylinux_2_5_x86_64.manylinux1_x86_64.manylinux_2_17_x86_64.manylinux2014_x86_64.whl,8342716,7.956,22,1,9,0,11,1,0,0,0,0
0.7.0,36,tzfpy-0.7.0-pp38-pypy38_pp73-macosx_11_0_x86_64.whl,8554293,8.158,14,1,3,0,9,1,0,0,0,0
0.7.0,37,tzfpy-0.7.0-pp39-pypy39_pp73-macosx_11_0_x86_64.whl,8554294,8.158,14,1,3,0,9,1,0,0,0,0
0.7.0,72,tzfpy-0.7.0-cp36-cp36m-macosx_11_0_x86_64.whl,8554305,8.158,15,1,3,0,9,2,0,0,0,0
0.7.0,73,tzfpy-0.7.0-cp37-cp37m-macosx_11_0_x86_64.whl,8554288,8.158,15,1,3,0,9,2,0,0,0,0
0.7.0,125,tzfpy-0.7.0-cp38-cp38-manylinux_2_5_x86_64.manylinux1_x86_64.manylinux_2_17_x86_64.manylinux2014_x86_64.whl,8244637,7.863,16,1,8,0,5,2,0,0,0,0
0.7.0,265,tzfpy-0.7.0-cp36-cp36m-manylinux_2_5_x86_64.manylinux1_x86_64.manylinux_2_17_x86_64.manylinux2014_x86_64.whl,8244653,7.863,18,1,7,0,8,2,0,0,0,0
0.7.0,266,tzfpy-0.7.0-cp37-cp37m-manylinux_2_5_x86_64.manylinux1_x86_64.manylinux_2_17_x86_64.manylinux2014_x86_64.whl,8244639,7.863,18,1,7,0,8,2,0,0,0,0
0.7.0,267,tzfpy-0.7.0-cp39-cp39-macosx_11_0_x86_64.whl,8554285,8.158,18,1,3,0,12,2,0,0,0,0
0.7.0,268,tzfpy-0.7.0-pp37-pypy37_pp73-macosx_11_0_x86_64.whl,8554294,8.158,18,1,3,0,13,1,0,0,0,0
0.7.0,340,tzfpy-0.7.0-cp310-cp310-macosx_11_0_x86_64.whl,8554290,8.158,19,1,3,0,11,4,0,0,0,0
0.7.0,341,tzfpy-0.7.0-cp38-cp38-macosx_11_0_x86_64.whl,8554286,8.158,19,1,3,0,12,3,0,0,0,0
0.7.0,427,tzfpy-0.7.0-pp37-pypy37_pp73-manylinux_2_5_x86_64.manylinux1_x86_64.manylinux_2_17_x86_64.manylinux2014_x86_64.whl,8244644,7.863,20,1,7,0,11,1,0,0,0,0
0.7.0,517,tzfpy-0.7.0-cp39-cp39-manylinux_2_5_x86_64.manylinux1_x86_64.manylinux_2_17_x86_64.manylinux2014_x86_64.whl,8244638,7.863,21,1,8,0,10,2,0,0,0,0
0.7.0,643,tzfpy-0.7.0-cp310-cp310-manylinux_2_5_x86_64.manylinux1_x86_64.manylinux_2_17_x86_64.manylinux2014_x86_64.whl,8244638,7.863,22,1,8,0,11,2,0,0,0,0
0.7.0,752,tzfpy-0.7.0-pp38-pypy38_pp73-manylinux_2_5_x86_64.manylinux1_x86_64.manylinux_2_17_x86_64.manylinux2014_x86_64.whl,8244642,7.863,24,1,8,0,14,1,0,0,0,0
0.8.1,5,tzfpy-0.8.1-cp39-cp39-macosx_11_0_x86_64.whl,6224218,5.936,12,1,2,0,7,2,0,0,0,0
0.8.1,6,tzfpy-0.8.1-pp37-pypy37_pp73-macosx_11_0_x86_64.whl,6224224,5.936,12,1,2,0,8,1,0,0,0,0
0.8.1,7,tzfpy-0.8.1-pp39-pypy39_pp73-macosx_11_0_x86_64.whl,6224222,5.936,12,1,2,0,8,1,0,0,0,0
0.8.1,15,tzfpy-0.8.1-cp310-cp310-macosx_11_0_x86_64.whl,6224218,5.936,13,1,3,0,7,2,0,0,0,0
0.8.1,16,tzfpy-0.8.1-pp38-pypy38_pp73-macosx_11_0_x86_64.whl,6224225,5.936,13,1,3,0,8,1,0,0,0,0
0.8.1,38,tzfpy-0.8.1-cp36-cp36m-macosx_11_0_x86_64.whl,6224237,5.936,14,1,3,0,8,2,0,0,0,0
0.8.1,39,tzfpy-0.8.1-cp37-cp37m-macosx_11_0_x86_64.whl,6224220,5.936,14,1,3,0,8,2,0,0,0,0
0.8.1,40,tzfpy-0.8.1-cp38-cp38-macosx_11_0_x86_64.whl,6224217,5.936,14,1,3,0,8,2,0,0,0,0
0.8.1,74,tzfpy-0.8.1-pp37-pypy37_pp73-manylinux_2_5_x86_64.manylinux1_x86_64.manylinux_2_17_x86_64.manylinux2014_x86_64.whl,5915809,5.642,15,1,6,0,7,1,0,0,0,0
0.8.1,182,tzfpy-0.8.1-cp310-cp310-manylinux_2_5_x86_64.manylinux1_x86_64.manylinux_2_17_x86_64.manylinux2014_x86_64.whl,5915803,5.642,17,1,8,0,6,2,0,0,0,0
0.8.1,183,tzfpy-0.8.1-cp36-cp36m-manylinux_2_5_x86_64.manylinux1_x86_64.manylinux_2_17_x86_64.manylinux2014_x86_64.whl,5915822,5.642,17,1,7,0,7,2,0,0,0,0
0.8.1,184,tzfpy-0.8.1-pp38-pypy38_pp73-manylinux_2_5_x86_64.manylinux1_x86_64.manylinux_2_17_x86_64.manylinux2014_x86_64.whl,5915810,5.642,17,1,8,0,7,1,0,0,0,0
0.8.1,269,tzfpy-0.8.1-cp38-cp38-manylinux_2_5_x86_64.manylinux1_x86_64.manylinux_2_17_x86_64.manylinux2014_x86_64.whl,5915803,5.642,18,1,8,0,7,2,0,0,0,0
0.8.1,428,tzfpy-0.8.1-cp37-cp37m-manylinux_2_5_x86_64.manylinux1_x86_64.manylinux_2_17_x86_64.manylinux2014_x86_64.whl,5915806,5.642,20,1,7,0,10,2,0,0,0,0
0.8.1,518,tzfpy-0.8.1-cp39-cp39-manylinux_2_5_x86_64.manylinux1_x86_64.manylinux_2_17_x86_64.manylinux2014_x86_64.whl,5915803,5.642,21,1,8,0,10,2,0,0,0,0
0.8.2,2,tzfpy-0.8.2-cp38-cp38-macosx_11_0_x86_64.whl,6305520,6.013,11,1,3,0,5,2,0,0,0,0
0.8.2,8,tzfpy-0.8.2-pp38-pypy38_pp73-macosx_11_0_x86_64.whl,6305529,6.013,12,1,2,0,8,1,0,0,0,0
0.8.2,17,tzfpy-0.8.2-pp37-pypy37_pp73-macosx_11_0_x86_64.whl,6305528,6.013,13,1,3,0,8,1,0,0,0,0
0.8.2,41,tzfpy-0.8.2-cp37-cp37m-macosx_11_0_x86_64.whl,6305524,6.013,14,1,3,0,8,2,0,0,0,0
0.8.2,42,tzfpy-0.8.2-cp39-cp39-macosx_11_0_x86_64.whl,6305521,6.013,14,1,3,0,8,2,0,0,0,0
0.8.2,43,tzfpy-0.8.2-pp39-pypy39_pp73-macosx_11_0_x86_64.whl,6305528,6.013,14,1,3,0,9,1,0,0,0,0
0.8.2,126,tzfpy-0.8.2-cp311-cp311-macosx_11_0_x86_64.whl,6305523,6.013,16,1,3,0,10,2,0,0,0,0
0.8.2,127,tzfpy-0.8.2-pp37-pypy37_pp73-manylinux_2_5_x86_64.manylinux1_x86_64.manylinux_2_17_x86_64.manylinux2014_x86_64.whl,5984708,5.707,16,1,6,0,8,1,0,0,0,0
0.8.2,186,tzfpy-0.8.2-cp36-cp36m-manylinux_2_5_x86_64.manylinux1_x86_64.manylinux_2_17_x86_64.manylinux2014_x86_64.whl,5984718,5.707,17,1,7,0,7,2,0,0,0,0
0.8.2,270,tzfpy-0.8.2-cp310-cp310-macosx_11_0_x86_64.whl,6305524,6.013,18,1,2,0,13,2,0,0,0,0
0.8.2,271,tzfpy-0.8.2-cp311-cp311-manylinux_2_5_x86_64.manylinux1_x86_64.manylinux_2_17_x86_64.manylinux2014_x86_64.whl,5984702,5.707,18,1,8,0,7,2,0,0,0,0
0.8.2,272,tzfpy-0.8.2-cp36-cp36m-macosx_11_0_x86_64.whl,6305541,6.013,18,1,3,0,12,2,0,0,0,0
0.8.2,273,tzfpy-0.8.2-cp39-cp39-manylinux_2_5_x86_64.manylinux1_x86_64.manylinux_2_17_x86_64.manylinux2014_x86_64.whl,5984699,5.707,18,1,8,0,7,2,0,0,0,0
0.8.2,343,tzfpy-0.8.2-cp38-cp38-manylinux_2_5_x86_64.manylinux1_x86_64.manylinux_2_17_x86_64.manylinux2014_x86_64.whl,5984700,5.707,19,1,8,0,8,2,0,0,0,0
0.8.2,344,tzfpy-0.8.2-pp38-pypy38_pp73-manylinux_2_5_x86_64.manylinux1_x86_64.manylinux_2_17_x86_64.manylinux2014_x86_64.whl,5984707,5.707,19,1,7,0,10,1,0,0,0,0
0.8.2,429,tzfpy-0.8.2-cp37-cp37m-manylinux_2_5_x86_64.manylinux1_x86_64.manylinux_2_17_x86_64.manylinux2014_x86_64.whl,5984701,5.707,20,1,7,0,10,2,0,0,0,0
0.8.3,18,tzfpy-0.8.3-cp38-cp38-macosx_11_0_x86_64.whl,6357363,6.063,13,1,2,0,8,2,0,0,0,0
0.8.3,19,tzfpy-0.8.3-cp39-cp39-macosx_11_0_x86_64.whl,6357362,6.063,13,1,2,0,8,2,0,0,0,0
0.8.3,20,tzfpy-0.8.3-pp39-pypy39_pp73-macosx_11_0_x86_64.whl,6357368,6.063,13,1,3,0,8,1,0,0,0,0
0.8.3,44,tzfpy-0.8.3-cp36-cp36m-macosx_11_0_x86_64.whl,6357379,6.063,14,1,2,0,9,2,0,0,0,0
0.8.3,45,tzfpy-0.8.3-pp37-pypy37_pp73-macosx_11_0_x86_64.whl,6357369,6.063,14,1,3,0,9,1,0,0,0,0
0.8.3,75,tzfpy-0.8.3-pp38-pypy38_pp73-macosx_11_0_x86_64.whl,6357369,6.063,15,1,2,0,11,1,0,0,0,0
0.8.3,128,tzfpy-0.8.3-cp310-cp310-manylinux_2_5_x86_64.manylinux1_x86_64.manylinux_2_17_x86_64.manylinux2014_x86_64.whl,6034149,5.755,16,1,8,0,5,2,0,0,0,0
0.8.3,129,tzfpy-0.8.3-cp311-cp311-macosx_11_0_x86_64.whl,6357363,6.063,16,1,2,0,11,2,0,0,0,0
0.8.3,130,tzfpy-0.8.3-cp37-cp37m-macosx_11_0_x86_64.whl,6357365,6.063,16,1,3,0,10,2,0,0,0,0
0.8.3,131,tzfpy-0.8.3-pp38-pypy38_pp73-manylinux_2_5_x86_64.manylinux1_x86_64.manylinux_2_17_x86_64.manylinux2014_x86_64.whl,6034155,5.755,16,1,7,0,7,1,0,0,0,0
0.8.3,187,tzfpy-0.8.3-cp311-cp311-manylinux_2_5_x86_64.manylinux1_x86_64.manylinux_2_17_x86_64.manylinux2014_x86_64.whl,6034151,5.755,17,1,7,0,7,2,0,0,0,0
0.8.3,188,tzfpy-0.8.3-cp37-cp37m-manylinux_2_5_x86_64.manylinux1_x86_64.manylinux_2_17_x86_64.manylinux2014_x86_64.whl,6034152,5.755,17,1,7,0,7,2,0,0,0,0
0.8.3,189,tzfpy-0.8.3-cp38-cp38-manylinux_2_5_x86_64.manylinux1_x86_64.manylinux_2_17_x86_64.manylinux2014_x86_64.whl,6034148,5.755,17,1,7,0,7,2,0,0,0,0
0.8.3,274,tzfpy-0.8.3-cp39-cp39-manylinux_2_5_x86_64.manylinux1_x86_64.manylinux_2_17_x86_64.manylinux2014_x86_64.whl,6034150,5.755,18,1,8,0,7,2,0,0,0,0
0.8.3,345,tzfpy-0.8.3-pp37-pypy37_pp73-manylinux_2_5_x86_64.manylinux1_x86_64.manylinux_2_17_x86_64.manylinux2014_x86_64.whl,6034156,5.755,19,1,7,0,10,1,0,0,0,0
0.8.3,519,tzfpy-0.8.3-cp310-cp310-macosx_11_0_x86_64.whl,6357365,6.063,21,1,2,0,16,2,0,0,0,0
0.8.3,520,tzfpy-0.8.3-cp36-cp36m-manylinux_2_5_x86_64.manylinux1_x86_64.manylinux_2_17_x86_64.manylinux2014_x86_64.whl,6034168,5.755,21,1,7,0,11,2,0,0,0,0
0.8.4rc1,9,tzfpy-0.8.4rc1-pp38-pypy38_pp73-macosx_11_0_x86_64.whl,6346969,6.053,12,1,2,0,8,1,0,0,0,0
0.8.4rc1,22,tzfpy-0.8.4rc1-cp36-cp36m-macosx_11_0_x86_64.whl,6346977,6.053,13,1,3,0,7,2,0,0,0,0
0.8.4rc1,23,tzfpy-0.8.4rc1-pp37-pypy37_pp73-macosx_11_0_x86_64.whl,6346969,6.053,13,1,3,0,8,1,0,0,0,0
0.8.4rc1,47,tzfpy-0.8.4rc1-cp311-cp311-macosx_11_0_x86_64.whl,6346960,6.053,14,1,2,0,9,2,0,0,0,0
0.8.4rc1,48,tzfpy-0.8.4rc1-cp38-cp38-macosx_11_0_x86_64.whl,6346960,6.053,14,1,3,0,8,2,0,0,0,0
0.8.4rc1,49,tzfpy-0.8.4rc1-pp37-pypy37_pp73-manylinux_2_5_x86_64.manylinux1_x86_64.manylinux_2_17_x86_64.manylinux2014_x86_64.whl,6024449,5.745,14,1,5,0,7,1,0,0,0,0
0.8.4rc1,79,tzfpy-0.8.4rc1-cp310-cp310-macosx_11_0_x86_64.whl,6346962,6.053,15,1,3,0,9,2,0,0,0,0
0.8.4rc1,80,tzfpy-0.8.4rc1-cp310-cp310-manylinux_2_5_x86_64.manylinux1_x86_64.manylinux_2_17_x86_64.manylinux2014_x86_64.whl,6024443,5.745,15,1,5,0,7,2,0,0,0,0
0.8.4rc1,81,tzfpy-0.8.4rc1-pp38-pypy38_pp73-manylinux_2_5_x86_64.manylinux1_x86_64.manylinux_2_17_x86_64.manylinux2014_x86_64.whl,6024449,5.745,15,1,6,0,7,1,0,0,0,0
0.8.4rc1,133,tzfpy-0.8.4rc1-cp311-cp311-manylinux_2_5_x86_64.manylinux1_x86_64.manylinux_2_17_x86_64.manylinux2014_x86_64.whl,6024443,5.745,16,1,6,0,7,2,0,0,0,0
0.8.4rc1,134,tzfpy-0.8.4rc1-cp36-cp36m-manylinux_2_5_x86_64.manylinux1_x86_64.manylinux_2_17_x86_64.manylinux2014_x86_64.whl,6024456,5.745,16,1,6,0,7,2,0,0,0,0
0.8.4rc1,135,tzfpy-0.8.4rc1-cp37-cp37m-manylinux_2_5_x86_64.manylinux1_x86_64.manylinux_2_17_x86_64.manylinux2014_x86_64.whl,6024442,5.745,16,1,5,0,8,2,0,0,0,0
0.8.4rc1,136,tzfpy-0.8.4rc1-cp39-cp39-manylinux_2_5_x86_64.manylinux1_x86_64.manylinux_2_17_x86_64.manylinux2014_x86_64.whl,6024442,5.745,16,1,6,0,7,2,0,0,0,0
0.8.4rc1,137,tzfpy-0.8.4rc1-pp39-pypy39_pp73-macosx_11_0_x86_64.whl,6346965,6.053,16,1,3,0,11,1,0,0,0,0
0.8.4rc1,194,tzfpy-0.8.4rc1-cp37-cp37m-macosx_11_0_x86_64.whl,6346962,6.053,17,1,3,0,11,2,0,0,0,0
0.8.4rc1,195,tzfpy-0.8.4rc1-cp38-cp38-manylinux_2_5_x86_64.manylinux1_x86_64.manylinux_2_17_x86_64.manylinux2014_x86_64.whl,6024441,5.745,17,1,6,0,8,2,0,0,0,0
0.8.4rc1,196,tzfpy-0.8.4rc1-cp39-cp39-macosx_11_0_x86_64.whl,6346958,6.053,17,1,3,0,11,2,0,0,0,0
0.8.4,21,tzfpy-0.8.4-pp38-pypy38_pp73-macosx_11_0_x86_64.whl,6346938,6.053,13,1,2,0,8,2,0,0,0,0
0.8.4,46,tzfpy-0.8.4-pp39-pypy39_pp73-macosx_11_0_x86_64.whl,6346935,6.053,14,1,3,0,8,2,0,0,0,0
0.8.4,76,tzfpy-0.8.4-cp311-cp311-macosx_11_0_x86_64.whl,6346930,6.053,15,1,3,0,8,3,0,0,0,0
0.8.4,77,tzfpy-0.8.4-cp37-cp37m-manylinux_2_5_x86_64.manylinux1_x86_64.manylinux_2_17_x86_64.manylinux2014_x86_64.whl,6024408,5.745,15,1,6,0,5,3,0,0,0,0
0.8.4,78,tzfpy-0.8.4-pp37-pypy37_pp73-manylinux_2_5_x86_64.manylinux1_x86_64.manylinux_2_17_x86_64.manylinux2014_x86_64.whl,6024409,5.745,15,1,7,0,5,2,0,0,0,0
0.8.4,132,tzfpy-0.8.4-cp36-cp36m-macosx_11_0_x86_64.whl,6346950,6.053,16,1,3,0,9,3,0,0,0,0
0.8.4,190,tzfpy-0.8.4-cp36-cp36m-manylinux_2_5_x86_64.manylinux1_x86_64.manylinux_2_17_x86_64.manylinux2014_x86_64.whl,6024422,5.745,17,1,6,0,7,3,0,0,0,0
0.8.4,191,tzfpy-0.8.4-cp37-cp37m-macosx_11_0_x86_64.whl,6346929,6.053,17,1,3,0,10,3,0,0,0,0
0.8.4,192,tzfpy-0.8.4-pp37-pypy37_pp73-macosx_11_0_x86_64.whl,6346936,6.053,17,1,3,0,11,2,0,0,0,0
0.8.4,193,tzfpy-0.8.4-pp38-pypy38_pp73-manylinux_2_5_x86_64.manylinux1_x86_64.manylinux_2_17_x86_64.manylinux2014_x86_64.whl,6024410,5.745,17,1,7,0,7,2,0,0,0,0
0.8.4,276,tzfpy-0.8.4-cp310-cp310-macosx_11_0_x86_64.whl,6346930,6.053,18,1,3,0,11,3,0,0,0,0
0.8.4,277,tzfpy-0.8.4-cp38-cp38-macosx_11_0_x86_64.whl,6346929,6.053,18,1,3,0,11,3,0,0,0,0
0.8.4,278,tzfpy-0.8.4-cp39-cp39-macosx_11_0_x86_64.whl,6346929,6.053,18,1,2,0,12,3,0,0,0,0
0.8.4,279,tzfpy-0.8.4-cp39-cp39-manylinux_2_5_x86_64.manylinux1_x86_64.manylinux_2_17_x86_64.manylinux2014_x86_64.whl,6024404,5.745,18,1,7,0,7,3,0,0,0,0
0.8.4,346,tzfpy-0.8.4-cp310-cp310-manylinux_2_5_x86_64.manylinux1_x86_64.manylinux_2_17_x86_64.manylinux2014_x86_64.whl,6024406,5.745,19,1,8,0,7,3,0,0,0,0
0.8.4,347,tzfpy-0.8.4-cp38-cp38-manylinux_2_5_x86_64.manylinux1_x86_64.manylinux_2_17_x86_64.manylinux2014_x86_64.whl,6024406,5.745,19,1,8,0,7,3,0,0,0,0
0.8.4,431,tzfpy-0.8.4-cp311-cp311-manylinux_2_5_x86_64.manylinux1_x86_64.manylinux_2_17_x86_64.manylinux2014_x86_64.whl,6024403,5.745,20,1,8,0,8,3,0,0,0,0
0.8.5,10,tzfpy-0.8.5-pp38-pypy38_pp73-macosx_11_0_x86_64.whl,6346937,6.053,12,1,3,0,7,1,0,0,0,0
0.8.5,24,tzfpy-0.8.5-cp36-cp36m-macosx_11_0_x86_64.whl,6346948,6.053,13,1,2,0,8,2,0,0,0,0
0.8.5,25,tzfpy-0.8.5-cp38-cp38-macosx_11_0_x86_64.whl,6346929,6.053,13,1,2,0,8,2,0,0,0,0
0.8.5,26,tzfpy-0.8.5-cp39-cp39-macosx_11_0_x86_64.whl,6346928,6.053,13,1,2,0,8,2,0,0,0,0
0.8.5,27,tzfpy-0.8.5-pp37-pypy37_pp73-macosx_11_0_x86_64.whl,6346936,6.053,13,1,2,0,9,1,0,0,0,0
0.8.5,50,tzfpy-0.8.5-cp311-cp311-macosx_11_0_x86_64.whl,6346930,6.053,14,1,3,0,8,2,0,0,0,0
0.8.5,51,tzfpy-0.8.5-cp37-cp37m-macosx_11_0_x86_64.whl,6346930,6.053,14,1,2,0,9,2,0,0,0,0
0.8.5,82,tzfpy-0.8.5-pp38-pypy38_pp73-manylinux_2_5_x86_64.manylinux1_x86_64.manylinux_2_17_x86_64.manylinux2014_x86_64.whl,6024410,5.745,15,1,8,0,5,1,0,0,0,0
0.8.5,138,tzfpy-0.8.5-pp37-pypy37_pp73-manylinux_2_5_x86_64.manylinux1_x86_64.manylinux_2_17_x86_64.manylinux2014_x86_64.whl,6024412,5.745,16,1,7,0,7,1,0,0,0,0
0.8.5,139,tzfpy-0.8.5-pp39-pypy39_pp73-macosx_11_0_x86_64.whl,6346936,6.053,16,1,3,0,11,1,0,0,0,0
0.8.5,198,tzfpy-0.8.5-cp310-cp310-manylinux_2_5_x86_64.manylinux1_x86_64.manylinux_2_17_x86_64.manylinux2014_x86_64.whl,6024406,5.745,17,1,7,0,7,2,0,0,0,0
0.8.5,199,tzfpy-0.8.5-cp36-cp36m-manylinux_2_5_x86_64.manylinux1_x86_64.manylinux_2_17_x86_64.manylinux2014_x86_64.whl,6024424,5.745,17,1,7,0,7,2,0,0,0,0
0.8.5,200,tzfpy-0.8.5-cp37-cp37m-manylinux_2_5_x86_64.manylinux1_x86_64.manylinux_2_17_x86_64.manylinux2014_x86_64.whl,6024408,5.745,17,1,7,0,7,2,0,0,0,0
0.8.5,201,tzfpy-0.8.5-cp38-cp38-manylinux_2_5_x86_64.manylinux1_x86_64.manylinux_2_17_x86_64.manylinux2014_x86_64.whl,6024404,5.745,17,1,7,0,7,2,0,0,0,0
0.8.5,202,tzfpy-0.8.5-cp39-cp39-manylinux_2_5_x86_64.manylinux1_x86_64.manylinux_2_17_x86_64.manylinux2014_x86_64.whl,6024404,5.745,17,1,7,0,7,2,0,0,0,0
0.8.5,280,tzfpy-0.8.5-cp311-cp311-manylinux_2_5_x86_64.manylinux1_x86_64.manylinux_2_17_x86_64.manylinux2014_x86_64.whl,6024405,5.745,18,1,8,0,7,2,0,0,0,0
0.8.5,644,tzfpy-0.8.5-cp310-cp310-macosx_11_0_x86_64.whl,6346929,6.053,22,1,3,0,16,2,0,0,0,0
0.8.6,52,tzfpy-0.8.6-pp37-pypy37_pp73-macosx_11_0_x86_64.whl,6357670,6.063,14,1,2,0,9,2,0,0,0,0
0.8.6,83,tzfpy-0.8.6-cp311-cp311-macosx_11_0_x86_64.whl,6357667,6.063,15,1,3,0,8,3,0,0,0,0
0.8.6,84,tzfpy-0.8.6-cp38-cp38-macosx_11_0_x86_64.whl,6357665,6.063,15,1,2,0,9,3,0,0,0,0
0.8.6,85,tzfpy-0.8.6-cp39-cp39-macosx_11_0_x86_64.whl,6357665,6.063,15,1,3,0,8,3,0,0,0,0
0.8.6,86,tzfpy-0.8.6-pp38-pypy38_pp73-macosx_11_0_x86_64.whl,6357673,6.063,15,1,2,0,10,2,0,0,0,0
0.8.6,87,tzfpy-0.8.6-pp39-pypy39_pp73-macosx_11_0_x86_64.whl,6357673,6.063,15,1,2,0,10,2,0,0,0,0
0.8.6,141,tzfpy-0.8.6-cp310-cp310-manylinux_2_5_x86_64.manylinux1_x86_64.manylinux_2_17_x86_64.manylinux2014_x86_64.whl,6034251,5.755,16,1,7,0,5,3,0,0,0,0
0.8.6,142,tzfpy-0.8.6-cp36-cp36m-macosx_11_0_x86_64.whl,6357683,6.063,16,1,2,0,10,3,0,0,0,0
0.8.6,203,tzfpy-0.8.6-cp36-cp36m-manylinux_2_5_x86_64.manylinux1_x86_64.manylinux_2_17_x86_64.manylinux2014_x86_64.whl,6034267,5.755,17,1,6,0,7,3,0,0,0,0
0.8.6,204,tzfpy-0.8.6-cp37-cp37m-manylinux_2_5_x86_64.manylinux1_x86_64.manylinux_2_17_x86_64.manylinux2014_x86_64.whl,6034253,5.755,17,1,6,0,7,3,0,0,0,0
0.8.6,281,tzfpy-0.8.6-cp310-cp310-macosx_11_0_x86_64.whl,6357666,6.063,18,1,2,0,12,3,0,0,0,0
0.8.6,282,tzfpy-0.8.6-cp37-cp37m-macosx_11_0_x86_64.whl,6357666,6.063,18,1,2,0,12,3,0,0,0,0
0.8.6,283,tzfpy-0.8.6-cp39-cp39-manylinux_2_5_x86_64.manylinux1_x86_64.manylinux_2_17_x86_64.manylinux2014_x86_64.whl,6034251,5.755,18,1,7,0,7,3,0,0,0,0
0.8.6,284,tzfpy-0.8.6-pp37-pypy37_pp73-manylinux_2_5_x86_64.manylinux1_x86_64.manylinux_2_17_x86_64.manylinux2014_x86_64.whl,6034256,5.755,18,1,7,0,8,2,0,0,0,0
0.8.6,349,tzfpy-0.8.6-cp311-cp311-manylinux_2_5_x86_64.manylinux1_x86_64.manylinux_2_17_x86_64.manylinux2014_x86_64.whl,6034251,5.755,19,1,8,0,7,3,0,0,0,0
0.8.6,350,tzfpy-0.8.6-cp38-cp38-manylinux_2_5_x86_64.manylinux1_x86_64.manylinux_2_17_x86_64.manylinux2014_x86_64.whl,6034249,5.755,19,1,8,0,7,3,0,0,0,0
0.8.6,521,tzfpy-0.8.6-pp38-pypy38_pp73-manylinux_2_5_x86_64.manylinux1_x86_64.manylinux_2_17_x86_64.manylinux2014_x86_64.whl,6034253,5.755,21,1,7,0,11,2,0,0,0,0
0.8.7rc1,1,tzfpy-0.8.7rc1-pp39-pypy39_pp73-macosx_11_0_x86_64.whl,6695109,6.385,10,1,2,0,5,2,0,0,0,0
0.8.7rc1,3,tzfpy-0.8.7rc1-pp37-pypy37_pp73-macosx_11_0_x86_64.whl,6695107,6.385,11,1,3,0,5,2,0,0,0,0
0.8.7rc1,53,tzfpy-0.8.7rc1-cp36-cp36m-manylinux_2_5_x86_64.manylinux1_x86_64.manylinux_2_17_x86_64.manylinux2014_x86_64.whl,6370837,6.076,14,1,5,0,5,3,0,0,0,0
0.8.7rc1,88,tzfpy-0.8.7rc1-cp310-cp310-macosx_11_0_x86_64.whl,6695101,6.385,15,1,3,0,8,3,0,0,0,0
0.8.7rc1,89,tzfpy-0.8.7rc1-cp311-cp311-macosx_11_0_x86_64.whl,6695102,6.385,15,1,3,0,8,3,0,0,0,0
0.8.7rc1,90,tzfpy-0.8.7rc1-cp36-cp36m-macosx_11_0_x86_64.whl,6695115,6.385,15,1,3,0,8,3,0,0,0,0
0.8.7rc1,91,tzfpy-0.8.7rc1-cp37-cp37m-macosx_11_0_x86_64.whl,6695100,6.385,15,1,3,0,8,3,0,0,0,0
0.8.7rc1,92,tzfpy-0.8.7rc1-cp38-cp38-macosx_11_0_x86_64.whl,6695100,6.385,15,1,3,0,8,3,0,0,0,0
0.8.7rc1,93,tzfpy-0.8.7rc1-pp38-pypy38_pp73-macosx_11_0_x86_64.whl,6695107,6.385,15,1,2,0,10,2,0,0,0,0
0.8.7rc1,143,tzfpy-0.8.7rc1-cp39-cp39-macosx_11_0_x86_64.whl,6695101,6.385,16,1,3,0,9,3,0,0,0,0
0.8.7rc1,144,tzfpy-0.8.7rc1-pp37-pypy37_pp73-manylinux_2_5_x86_64.manylinux1_x86_64.manylinux_2_17_x86_64.manylinux2014_x86_64.whl,6370824,6.076,16,1,5,0,8,2,0,0,0,0
0.8.7rc1,205,tzfpy-0.8.7rc1-cp37-cp37m-manylinux_2_5_x86_64.manylinux1_x86_64.manylinux_2_17_x86_64.manylinux2014_x86_64.whl,6370823,6.076,17,1,6,0,7,3,0,0,0,0
0.8.7rc1,206,tzfpy-0.8.7rc1-pp38-pypy38_pp73-manylinux_2_5_x86_64.manylinux1_x86_64.manylinux_2_17_x86_64.manylinux2014_x86_64.whl,6370825,6.076,17,1,5,0,9,2,0,0,0,0
0.8.7rc1,285,tzfpy-0.8.7rc1-cp310-cp310-manylinux_2_5_x86_64.manylinux1_x86_64.manylinux_2_17_x86_64.manylinux2014_x86_64.whl,6370822,6.076,18,1,6,0,8,3,0,0,0,0
0.8.7rc1,286,tzfpy-0.8.7rc1-cp39-cp39-manylinux_2_5_x86_64.manylinux1_x86_64.manylinux_2_17_x86_64.manylinux2014_x86_64.whl,6370820,6.076,18,1,6,0,8,3,0,0,0,0
0.8.7rc1,352,tzfpy-0.8.7rc1-cp311-cp311-manylinux_2_5_x86_64.manylinux1_x86_64.manylinux_2_17_x86_64.manylinux2014_x86_64.whl,6370820,6.076,19,1,5,0,10,3,0,0,0,0
0.8.7rc1,353,tzfpy-0.8.7rc1-cp38-cp38-manylinux_2_5_x86_64.manylinux1_x86_64.manylinux_2_17_x86_64.manylinux2014_x86_64.whl,6370818,6.076,19,1,6,0,9,3,0,0,0,0
0.9.0,28,tzfpy-0.9.0-pp37-pypy37_pp73-macosx_11_0_x86_64.whl,6695077,6.385,13,1,2,0,8,2,0,0,0,0
0.9.0,94,tzfpy-0.9.0-cp310-cp310-macosx_11_0_x86_64.whl,6695072,6.385,15,1,3,0,8,3,0,0,0,0
0.9.0,95,tzfpy-0.9.0-cp38-cp38-macosx_11_0_x86_64.whl,6695068,6.385,15,1,3,0,8,3,0,0,0,0
0.9.0,96,tzfpy-0.9.0-cp39-cp39-macosx_11_0_x86_64.whl,6695071,6.385,15,1,2,0,9,3,0,0,0,0
0.9.0,97,tzfpy-0.9.0-pp38-pypy38_pp73-macosx_11_0_x86_64.whl,6695077,6.385,15,1,3,0,9,2,0,0,0,0
0.9.0,145,tzfpy-0.9.0-cp36-cp36m-macosx_11_0_x86_64.whl,6695087,6.385,16,1,3,0,9,3,0,0,0,0
0.9.0,146,tzfpy-0.9.0-cp36-cp36m-manylinux_2_5_x86_64.manylinux1_x86_64.manylinux_2_17_x86_64.manylinux2014_x86_64.whl,6370798,6.076,16,1,6,0,6,3,0,0,0,0
0.9.0,147,tzfpy-0.9.0-pp39-pypy39_pp73-macosx_11_0_x86_64.whl,6695079,6.385,16,1,3,0,10,2,0,0,0,0
0.9.0,207,tzfpy-0.9.0-cp37-cp37m-macosx_11_0_x86_64.whl,6695072,6.385,17,1,3,0,10,3,0,0,0,0
0.9.0,287,tzfpy-0.9.0-pp37-pypy37_pp73-manylinux_2_5_x86_64.manylinux1_x86_64.manylinux_2_17_x86_64.manylinux2014_x86_64.whl,6370788,6.076,18,1,6,0,9,2,0,0,0,0
0.9.0,354,tzfpy-0.9.0-cp311-cp311-macosx_11_0_x86_64.whl,6695071,6.385,19,1,3,0,12,3,0,0,0,0
0.9.0,355,tzfpy-0.9.0-cp311-cp311-manylinux_2_5_x86_64.manylinux1_x86_64.manylinux_2_17_x86_64.manylinux2014_x86_64.whl,6370781,6.076,19,1,7,0,8,3,0,0,0,0
0.9.0,433,tzfpy-0.9.0-cp310-cp310-manylinux_2_5_x86_64.manylinux1_x86_64.manylinux_2_17_x86_64.manylinux2014_x86_64.whl,6370782,6.076,20,1,8,0,8,3,0,0,0,0
0.9.0,434,tzfpy-0.9.0-cp38-cp38-manylinux_2_5_x86_64.manylinux1_x86_64.manylinux_2_17_x86_64.manylinux2014_x86_64.whl,6370782,6.076,20,1,7,0,9,3,0,0,0,0
0.9.0,522,tzfpy-0.9.0-cp39-cp39-manylinux_2_5_x86_64.manylinux1_x86_64.manylinux_2_17_x86_64.manylinux2014_x86_64.whl,6370782,6.076,21,1,8,0,9,3,0,0,0,0
0.9.0,523,tzfpy-0.9.0-pp38-pypy38_pp73-manylinux_2_5_x86_64.manylinux1_x86_64.manylinux_2_17_x86_64.manylinux2014_x86_64.whl,6370788,6.076,21,1,8,0,10,2,0,0,0,0
0.9.0,645,tzfpy-0.9.0-cp37-cp37m-manylinux_2_5_x86_64.manylinux1_x86_64.manylinux_2_17_x86_64.manylinux2014_x86_64.whl,6370786,6.076,22,1,7,0,11,3,0,0,0,0
0.9.1,4,tzfpy-0.9.1-cp311-cp311-macosx_11_0_x86_64.whl,6695001,6.385,11,1,2,0,5,3,0,0,0,0
0.9.1,54,tzfpy-0.9.1-pp38-pypy38_pp73-macosx_11_0_x86_64.whl,6695010,6.385,14,1,2,0,9,2,0,0,0,0
0.9.1,55,tzfpy-0.9.1-pp39-pypy39_pp73-macosx_11_0_x86_64.whl,6695007,6.385,14,1,2,0,9,2,0,0,0,0
0.9.1,98,tzfpy-0.9.1-cp36-cp36m-macosx_11_0_x86_64.whl,6695021,6.385,15,1,2,0,9,3,0,0,0,0
0.9.1,99,tzfpy-0.9.1-cp37-cp37m-macosx_11_0_x86_64.whl,6695002,6.385,15,1,2,0,9,3,0,0,0,0
0.9.1,100,tzfpy-0.9.1-cp37-cp37m-manylinux_2_5_x86_64.manylinux1_x86_64.manylinux_2_17_x86_64.manylinux2014_x86_64.whl,6370767,6.076,15,1,6,0,5,3,0,0,0,0
0.9.1,101,tzfpy-0.9.1-cp39-cp39-macosx_11_0_x86_64.whl,6695002,6.385,15,1,2,0,10,2,0,0,0,0
0.9.1,102,tzfpy-0.9.1-pp37-pypy37_pp73-macosx_11_0_x86_64.whl,6695008,6.385,15,1,2,0,10,2,0,0,0,0
0.9.1,208,tzfpy-0.9.1-cp38-cp38-macosx_11_0_x86_64.whl,6695000,6.385,17,1,2,0,11,3,0,0,0,0
0.9.1,209,tzfpy-0.9.1-pp37-pypy37_pp73-manylinux_2_5_x86_64.manylinux1_x86_64.manylinux_2_17_x86_64.manylinux2014_x86_64.whl,6370767,6.076,17,1,6,0,8,2,0,0,0,0
0.9.1,288,tzfpy-0.9.1-cp36-cp36m-manylinux_2_5_x86_64.manylinux1_x86_64.manylinux_2_17_x86_64.manylinux2014_x86_64.whl,6370780,6.076,18,1,6,0,8,3,0,0,0,0
0.9.1,289,tzfpy-0.9.1-pp38-pypy38_pp73-manylinux_2_5_x86_64.manylinux1_x86_64.manylinux_2_17_x86_64.manylinux2014_x86_64.whl,6370766,6.076,18,1,7,0,8,2,0,0,0,0
0.9.1,356,tzfpy-0.9.1-cp310-cp310-macosx_11_0_x86_64.whl,6695002,6.385,19,1,2,0,13,3,0,0,0,0
0.9.1,357,tzfpy-0.9.1-cp310-cp310-manylinux_2_5_x86_64.manylinux1_x86_64.manylinux_2_17_x86_64.manylinux2014_x86_64.whl,6370761,6.076,19,1,8,0,7,3,0,0,0,0
0.9.1,358,tzfpy-0.9.1-cp311-cp311-manylinux_2_5_x86_64.manylinux1_x86_64.manylinux_2_17_x86_64.manylinux2014_x86_64.whl,6370761,6.076,19,1,7,0,8,3,0,0,0,0
0.9.1,359,tzfpy-0.9.1-cp39-cp39-manylinux_2_5_x86_64.manylinux1_x86_64.manylinux_2_17_x86_64.manylinux2014_x86_64.whl,6370761,6.076,19,1,7,0,8,3,0,0,0,0
0.9.1,707,tzfpy-0.9.1-cp38-cp38-manylinux_2_5_x86_64.manylinux1_x86_64.manylinux_2_17_x86_64.manylinux2014_x86_64.whl,6370762,6.076,23,1,7,0,12,3,0,0,0,0
0.9.2,11,tzfpy-0.9.2-cp36-cp36m-macosx_11_0_x86_64.whl,6697758,6.387,12,1,2,0,6,3,0,0,0,0
0.9.2,56,tzfpy-0.9.2-cp311-cp311-macosx_11_0_x86_64.whl,6697741,6.387,14,1,2,0,8,3,0,0,0,0
0.9.2,57,tzfpy-0.9.2-cp38-cp38-macosx_11_0_x86_64.whl,6697738,6.387,14,1,2,0,8,3,0,0,0,0
0.9.2,58,tzfpy-0.9.2-pp37-pypy37_pp73-macosx_11_0_x86_64.whl,6697745,6.387,14,1,2,0,9,2,0,0,0,0
0.9.2,59,tzfpy-0.9.2-pp38-pypy38_pp73-macosx_11_0_x86_64.whl,6697746,6.387,14,1,2,0,9,2,0,0,0,0
0.9.2,103,tzfpy-0.9.2-cp37-cp37m-macosx_11_0_x86_64.whl,6697741,6.387,15,1,2,0,9,3,0,0,0,0
0.9.2,104,tzfpy-0.9.2-pp39-pypy39_pp73-macosx_11_0_x86_64.whl,6697747,6.387,15,1,2,0,10,2,0,0,0,0
0.9.2,148,tzfpy-0.9.2-cp39-cp39-macosx_11_0_x86_64.whl,6697738,6.387,16,1,2,0,10,3,0,0,0,0
0.9.2,149,tzfpy-0.9.2-cp39-cp39-manylinux_2_5_x86_64.manylinux1_x86_64.manylinux_2_17_x86_64.manylinux2014_x86_64.whl,6373558,6.078,16,1,7,0,5,3,0,0,0,0
0.9.2,210,tzfpy-0.9.2-pp37-pypy37_pp73-manylinux_2_5_x86_64.manylinux1_x86_64.manylinux_2_17_x86_64.manylinux2014_x86_64.whl,6373567,6.078,17,1,6,0,8,2,0,0,0,0
0.9.2,290,tzfpy-0.9.2-cp310-cp310-macosx_11_0_x86_64.whl,6697741,6.387,18,1,2,0,12,3,0,0,0,0
0.9.2,291,tzfpy-0.9.2-pp38-pypy38_pp73-manylinux_2_5_x86_64.manylinux1_x86_64.manylinux_2_17_x86_64.manylinux2014_x86_64.whl,6373568,6.078,18,1,7,0,8,2,0,0,0,0
0.9.2,360,tzfpy-0.9.2-cp38-cp38-manylinux_2_5_x86_64.manylinux1_x86_64.manylinux_2_17_x86_64.manylinux2014_x86_64.whl,6373562,6.078,19,1,7,0,8,3,0,0,0,0
0.9.2,437,tzfpy-0.9.2-cp36-cp36m-manylinux_2_5_x86_64.manylinux1_x86_64.manylinux_2_17_x86_64.manylinux2014_x86_64.whl,6373578,6.078,20,1,6,0,10,3,0,0,0,0
0.9.2,646,tzfpy-0.9.2-cp310-cp310-manylinux_2_5_x86_64.manylinux1_x86_64.manylinux_2_17_x86_64.manylinux2014_x86_64.whl,6373561,6.078,22,1,7,0,11,3,0,0,0,0
0.9.2,647,tzfpy-0.9.2-cp37-cp37m-manylinux_2_5_x86_64.manylinux1_x86_64.manylinux_2_17_x86_64.manylinux2014_x86_64.whl,6373562,6.078,22,1,6,0,12,3,0,0,0,0
0.10.0,29,tzfpy-0.10.0-pp37-pypy37_pp73-macosx_11_0_x86_64.whl,6729966,6.418,13,1,3,0,8,1,0,0,0,0
0.10.0,30,tzfpy-0.10.0-pp38-pypy38_pp73-macosx_11_0_x86_64.whl,6729967,6.418,13,1,3,0,8,1,0,0,0,0
0.10.0,31,tzfpy-0.10.0-pp39-pypy39_pp73-macosx_11_0_x86_64.whl,6729965,6.418,13,1,3,0,8,1,0,0,0,0
0.10.0,60,tzfpy-0.10.0-cp311-cp311-macosx_11_0_x86_64.whl,6729962,6.418,14,1,3,0,8,2,0,0,0,0
0.10.0,61,tzfpy-0.10.0-cp36-cp36m-macosx_11_0_x86_64.whl,6729979,6.418,14,1,3,0,8,2,0,0,0,0
0.10.0,62,tzfpy-0.10.0-cp37-cp37m-macosx_11_0_x86_64.whl,6729960,6.418,14,1,3,0,8,2,0,0,0,0
0.10.0,63,tzfpy-0.10.0-cp38-cp38-macosx_11_0_x86_64.whl,6729957,6.418,14,1,3,0,8,2,0,0,0,0
0.10.0,105,tzfpy-0.10.0-cp310-cp310-macosx_11_0_x86_64.whl,6729963,6.418,15,1,3,0,9,2,0,0,0,0
0.10.0,106,tzfpy-0.10.0-cp39-cp39-macosx_11_0_x86_64.whl,6729959,6.418,15,1,3,0,9,2,0,0,0,0
0.10.0,211,tzfpy-0.10.0-pp37-pypy37_pp73-manylinux_2_5_x86_64.manylinux1_x86_64.manylinux_2_17_x86_64.manylinux2014_x86_64.whl,6406082,6.109,17,1,7,0,8,1,0,0,0,0
0.10.0,212,tzfpy-0.10.0-pp38-pypy38_pp73-manylinux_2_5_x86_64.manylinux1_x86_64.manylinux_2_17_x86_64.manylinux2014_x86_64.whl,6406082,6.109,17,1,8,0,7,1,0,0,0,0
0.10.0,292,tzfpy-0.10.0-cp36-cp36m-manylinux_2_5_x86_64.manylinux1_x86_64.manylinux_2_17_x86_64.manylinux2014_x86_64.whl,6406090,6.109,18,1,7,0,8,2,0,0,0,0
0.10.0,293,tzfpy-0.10.0-cp37-cp37m-manylinux_2_5_x86_64.manylinux1_x86_64.manylinux_2_17_x86_64.manylinux2014_x86_64.whl,6406076,6.109,18,1,7,0,8,2,0,0,0,0
0.10.0,362,tzfpy-0.10.0-cp310-cp310-manylinux_2_5_x86_64.manylinux1_x86_64.manylinux_2_17_x86_64.manylinux2014_x86_64.whl,6406076,6.109,19,1,8,0,8,2,0,0,0,0
0.10.0,363,tzfpy-0.10.0-cp38-cp38-manylinux_2_5_x86_64.manylinux1_x86_64.manylinux_2_17_x86_64.manylinux2014_x86_64.whl,6406075,6.109,19,1,8,0,8,2,0,0,0,0
0.10.0,648,tzfpy-0.10.0-cp311-cp311-manylinux_2_5_x86_64.manylinux1_x86_64.manylinux_2_17_x86_64.manylinux2014_x86_64.whl,6406075,6.109,22,1,8,0,11,2,0,0,0,0
0.10.0,708,tzfpy-0.10.0-cp39-cp39-manylinux_2_5_x86_64.manylinux1_x86_64.manylinux_2_17_x86_64.manylinux2014_x86_64.whl,6406075,6.109,23,1,8,0,12,2,0,0,0,0
0.10.1,64,tzfpy-0.10.1-cp39-cp39-macosx_11_0_x86_64.whl,6725727,6.414,14,1,3,0,7,3,0,0,0,0
0.10.1,65,tzfpy-0.10.1-pp38-pypy38_pp73-macosx_11_0_x86_64.whl,6725733,6.414,14,1,3,0,8,2,0,0,0,0
0.10.1,107,tzfpy-0.10.1-cp38-cp38-macosx_11_0_x86_64.whl,6725725,6.414,15,1,3,0,8,3,0,0,0,0
0.10.1,108,tzfpy-0.10.1-pp37-pypy37_pp73-macosx_11_0_x86_64.whl,6725734,6.414,15,1,3,0,9,2,0,0,0,0
0.10.1,109,tzfpy-0.10.1-pp39-pypy39_pp73-macosx_11_0_x86_64.whl,6725734,6.414,15,1,3,0,9,2,0,0,0,0
0.10.1,150,tzfpy-0.10.1-cp311-cp311-macosx_11_0_x86_64.whl,6725727,6.414,16,1,3,0,9,3,0,0,0,0
0.10.1,151,tzfpy-0.10.1-cp36-cp36m-macosx_11_0_x86_64.whl,6725744,6.414,16,1,3,0,9,3,0,0,0,0
0.10.1,152,tzfpy-0.10.1-cp37-cp37m-macosx_11_0_x86_64.whl,6725728,6.414,16,1,3,0,9,3,0,0,0,0
0.10.1,213,tzfpy-0.10.1-cp310-cp310-macosx_11_0_x86_64.whl,6725730,6.414,17,1,3,0,9,4,0,0,0,0
0.10.1,214,tzfpy-0.10.1-pp38-pypy38_pp73-manylinux_2_5_x86_64.manylinux1_x86_64.manylinux_2_17_x86_64.manylinux2014_x86_64.whl,6401021,6.104,17,1,8,0,6,2,0,0,0,0
0.10.1,294,tzfpy-0.10.1-cp36-cp36m-manylinux_2_5_x86_64.manylinux1_x86_64.manylinux_2_17_x86_64.manylinux2014_x86_64.whl,6401032,6.104,18,1,7,0,7,3,0,0,0,0
0.10.1,295,tzfpy-0.10.1-pp37-pypy37_pp73-manylinux_2_5_x86_64.manylinux1_x86_64.manylinux_2_17_x86_64.manylinux2014_x86_64.whl,6401020,6.104,18,1,7,0,8,2,0,0,0,0
0.10.1,364,tzfpy-0.10.1-cp37-cp37m-manylinux_2_5_x86_64.manylinux1_x86_64.manylinux_2_17_x86_64.manylinux2014_x86_64.whl,6401016,6.104,19,1,7,0,8,3,0,0,0,0
0.10.1,438,tzfpy-0.10.1-cp39-cp39-manylinux_2_5_x86_64.manylinux1_x86_64.manylinux_2_17_x86_64.manylinux2014_x86_64.whl,6401016,6.104,20,1,8,0,8,3,0,0,0,0
0.10.1,524,tzfpy-0.10.1-cp38-cp38-manylinux_2_5_x86_64.manylinux1_x86_64.manylinux_2_17_x86_64.manylinux2014_x86_64.whl,6401015,6.104,21,1,8,0,9,3,0,0,0,0
0.10.1,709,tzfpy-0.10.1-cp310-cp310-manylinux_2_5_x86_64.manylinux1_x86_64.manylinux_2_17_x86_64.manylinux2014_x86_64.whl,6401017,6.104,23,1,8,0,11,3,0,0,0,0
0.11.0,153,tzfpy-0.11.0-cp310-cp310-macosx_10_9_x86_64.macosx_11_0_arm64.macosx_10_9_universal2.whl,12502608,11.923,16,1,3,0,8,4,0,0,0,0
0.11.0,154,tzfpy-0.11.0-cp311-cp311-macosx_10_9_x86_64.macosx_11_0_arm64.macosx_10_9_universal2.whl,12502604,11.923,16,1,3,0,8,4,0,0,0,0
0.11.0,155,tzfpy-0.11.0-cp37-cp37m-macosx_10_9_x86_64.macosx_11_0_arm64.macosx_10_9_universal2.whl,12502927,11.924,16,1,3,0,8,4,0,0,0,0
0.11.0,156,tzfpy-0.11.0-cp38-cp38-macosx_10_9_x86_64.macosx_11_0_arm64.macosx_10_9_universal2.whl,12502916,11.924,16,1,3,0,8,4,0,0,0,0
0.11.0,215,tzfpy-0.11.0-cp39-cp39-macosx_10_9_x86_64.macosx_11_0_arm64.macosx_10_9_universal2.whl,12502617,11.923,17,1,3,0,9,4,0,0,0,0
0.11.0,296,tzfpy-0.11.0-cp311-cp311-manylinux_2_17_x86_64.manylinux2014_x86_64.whl,7010460,6.686,18,1,8,0,5,4,0,0,0,0
0.11.0,297,tzfpy-0.11.0-pp37-pypy37_pp73-manylinux_2_17_x86_64.manylinux2014_x86_64.whl,7013399,6.688,18,1,7,0,7,3,0,0,0,0
0.11.0,439,tzfpy-0.11.0-cp37-cp37m-manylinux_2_17_x86_64.manylinux2014_x86_64.whl,7009605,6.685,20,1,7,0,8,4,0,0,0,0
0.11.0,526,tzfpy-0.11.0-cp38-cp38-manylinux_2_17_x86_64.manylinux2014_x86_64.whl,7009651,6.685,21,1,8,0,8,4,0,0,0,0
0.11.0,527,tzfpy-0.11.0-pp38-pypy38_pp73-manylinux_2_17_x86_64.manylinux2014_x86_64.whl,7010815,6.686,21,1,8,0,9,3,0,0,0,0
0.11.0,650,tzfpy-0.11.0-cp39-cp39-manylinux_2_17_x86_64.manylinux2014_x86_64.whl,7010459,6.686,22,1,8,0,9,4,0,0,0,0
0.11.0,797,tzfpy-0.11.0-cp310-cp310-manylinux_2_17_x86_64.manylinux2014_x86_64.whl,7010458,6.686,25,1,8,0,11,5,0,0,0,0
0.11.1,110,tzfpy-0.11.1-cp311-cp311-macosx_10_9_x86_64.macosx_11_0_arm64.macosx_10_9_universal2.whl,12512608,11.933,15,1,3,0,8,3,0,0,0,0
0.11.1,111,tzfpy-0.11.1-cp37-cp37m-macosx_10_9_x86_64.macosx_11_0_arm64.macosx_10_9_universal2.whl,12510983,11.931,15,1,3,0,7,4,0,0,0,0
0.11.1,216,tzfpy-0.11.1-cp310-cp310-macosx_10_9_x86_64.macosx_11_0_arm64.macosx_10_9_universal2.whl,12512647,11.933,17,1,3,0,9,4,0,0,0,0
0.11.1,217,tzfpy-0.11.1-cp39-cp39-macosx_10_9_x86_64.macosx_11_0_arm64.macosx_10_9_universal2.whl,12512620,11.933,17,1,3,0,9,4,0,0,0,0
0.11.1,365,tzfpy-0.11.1-cp38-cp38-macosx_10_9_x86_64.macosx_11_0_arm64.macosx_10_9_universal2.whl,12510977,11.931,19,1,3,0,11,4,0,0,0,0
0.11.1,366,tzfpy-0.11.1-pp37-pypy37_pp73-manylinux_2_17_x86_64.manylinux2014_x86_64.whl,7015771,6.691,19,1,7,0,8,3,0,0,0,0
0.11.1,440,tzfpy-0.11.1-cp37-cp37m-manylinux_2_17_x86_64.manylinux2014_x86_64.whl,7011969,6.687,20,1,7,0,8,4,0,0,0,0
0.11.1,441,tzfpy-0.11.1-cp39-cp39-manylinux_2_17_x86_64.manylinux2014_x86_64.whl,7012889,6.688,20,1,8,0,7,4,0,0,0,0
0.11.1,442,tzfpy-0.11.1-pp38-pypy38_pp73-manylinux_2_17_x86_64.manylinux2014_x86_64.whl,7013268,6.688,20,1,8,0,8,3,0,0,0,0
0.11.1,528,tzfpy-0.11.1-cp38-cp38-manylinux_2_17_x86_64.manylinux2014_x86_64.whl,7012046,6.687,21,1,8,0,8,4,0,0,0,0
0.11.1,754,tzfpy-0.11.1-cp310-cp310-manylinux_2_17_x86_64.manylinux2014_x86_64.whl,7012892,6.688,24,1,8,0,11,4,0,0,0,0
0.11.2,66,tzfpy-0.11.2-cp38-cp38-macosx_10_9_x86_64.macosx_11_0_arm64.macosx_10_9_universal2.whl,12543626,11.963,14,1,3,0,7,3,0,0,0,0
0.11.2,298,tzfpy-0.11.2-cp37-cp37m-manylinux_2_17_x86_64.manylinux2014_x86_64.whl,7025922,6.700,18,1,7,0,7,3,0,0,0,0
0.11.2,299,tzfpy-0.11.2-pp38-pypy38_pp73-manylinux_2_17_x86_64.manylinux2014_x86_64.whl,7026903,6.701,18,1,8,0,7,2,0,0,0,0
0.11.2,367,tzfpy-0.11.2-cp310-cp310-macosx_10_9_x86_64.macosx_11_0_arm64.macosx_10_9_universal2.whl,12544629,11.963,19,1,3,0,12,3,0,0,0,0
0.11.2,368,tzfpy-0.11.2-cp39-cp39-manylinux_2_17_x86_64.manylinux2014_x86_64.whl,7026733,6.701,19,1,8,0,7,3,0,0,0,0
0.11.2,443,tzfpy-0.11.2-cp37-cp37m-macosx_10_9_x86_64.macosx_11_0_arm64.macosx_10_9_universal2.whl,12543626,11.963,20,1,3,0,13,3,0,0,0,0
0.11.2,444,tzfpy-0.11.2-cp39-cp39-macosx_10_9_x86_64.macosx_11_0_arm64.macosx_10_9_universal2.whl,12544631,11.963,20,1,3,0,13,3,0,0,0,0
0.11.2,530,tzfpy-0.11.2-cp310-cp310-manylinux_2_17_x86_64.manylinux2014_x86_64.whl,7026738,6.701,21,1,8,0,9,3,0,0,0,0
0.11.2,531,tzfpy-0.11.2-cp311-cp311-macosx_10_9_x86_64.macosx_11_0_arm64.macosx_10_9_universal2.whl,12544631,11.963,21,1,3,0,14,3,0,0,0,0
0.11.2,532,tzfpy-0.11.2-cp38-cp38-manylinux_2_17_x86_64.manylinux2014_x86_64.whl,7025890,6.700,21,1,8,0,9,3,0,0,0,0
0.11.2,533,tzfpy-0.11.2-pp37-pypy37_pp73-manylinux_2_17_x86_64.manylinux2014_x86_64.whl,7029096,6.703,21,1,7,0,11,2,0,0,0,0
0.11.2,651,tzfpy-0.11.2-cp311-cp311-manylinux_2_17_x86_64.manylinux2014_x86_64.whl,7026740,6.701,22,1,8,0,10,3,0,0,0,0
0.12.0,12,tzfpy-0.12.0-cp311-cp311-macosx_10_9_x86_64.macosx_11_0_arm64.macosx_10_9_universal2.whl,12552360,11.971,12,1,3,0,5,3,0,0,0,0
0.12.0,13,tzfpy-0.12.0-cp37-cp37m-macosx_10_9_x86_64.macosx_11_0_arm64.macosx_10_9_universal2.whl,12552651,11.971,12,1,1,0,7,3,0,0,0,0
0.12.0,157,tzfpy-0.12.0-cp311-none-win_amd64.whl,6113140,5.830,16,1,5,0,6,4,0,0,0,0
0.12.0,158,tzfpy-0.12.0-cp38-cp38-macosx_10_9_x86_64.macosx_11_0_arm64.macosx_10_9_universal2.whl,12552611,11.971,16,1,3,0,9,3,0,0,0,0
0.12.0,218,tzfpy-0.12.0-cp39-cp39-macosx_10_7_x86_64.whl,6223223,5.935,17,1,3,0,9,4,0,0,0,0
0.12.0,219,tzfpy-0.12.0-cp39-cp39-macosx_10_9_x86_64.macosx_11_0_arm64.macosx_10_9_universal2.whl,12552334,11.971,17,1,3,0,8,5,0,0,0,0
0.12.0,300,tzfpy-0.12.0-cp310-cp310-manylinux_2_17_x86_64.manylinux2014_x86_64.whl,7041522,6.715,18,1,8,0,6,3,0,0,0,0
0.12.0,369,tzfpy-0.12.0-cp310-none-win_amd64.whl,6113137,5.830,19,1,5,0,8,5,0,0,0,0
0.12.0,370,tzfpy-0.12.0-cp37-cp37m-manylinux_2_17_x86_64.manylinux2014_x86_64.whl,7041720,6.716,19,1,7,0,8,3,0,0,0,0
0.12.0,371,tzfpy-0.12.0-cp37-none-win_amd64.whl,6113123,5.830,19,1,5,0,8,5,0,0,0,0
0.12.0,445,tzfpy-0.12.0-cp38-none-win_amd64.whl,6113163,5.830,20,1,5,0,11,3,0,0,0,0
0.12.0,446,tzfpy-0.12.0-pp37-pypy37_pp73-manylinux_2_17_x86_64.manylinux2014_x86_64.whl,7046951,6.720,20,1,7,0,8,4,0,0,0,0
0.12.0,447,tzfpy-0.12.0-pp38-pypy38_pp73-manylinux_2_17_x86_64.manylinux2014_x86_64.whl,7042020,6.716,20,1,8,0,9,2,0,0,0,0
0.12.0,534,tzfpy-0.12.0-cp39-cp39-manylinux_2_17_x86_64.manylinux2014_x86_64.whl,7041403,6.715,21,1,8,0,8,4,0,0,0,0
0.12.0,652,tzfpy-0.12.0-cp310-cp310-macosx_10_9_x86_64.macosx_11_0_arm64.macosx_10_9_universal2.whl,12552372,11.971,22,1,3,0,11,7,0,0,0,0
0.12.0,710,tzfpy-0.12.0-cp311-cp311-manylinux_2_17_x86_64.manylinux2014_x86_64.whl,7041526,6.715,23,1,8,0,8,6,0,0,0,0
0.12.0,756,tzfpy-0.12.0-cp38-cp38-manylinux_2_17_x86_64.manylinux2014_x86_64.whl,7041659,6.715,24,1,8,0,11,4,0,0,0,0
0.12.0,819,tzfpy-0.12.0-pp39-pypy39_pp73-manylinux_2_17_x86_64.manylinux2014_x86_64.whl,7041663,6.715,26,1,8,0,15,2,0,0,0,0
0.12.1,67,tzfpy-0.12.1-cp39-cp39-macosx_10_7_x86_64.whl,6223222,5.935,14,1,3,0,7,3,0,0,0,0
0.12.1,159,tzfpy-0.12.1-cp310-none-win_amd64.whl,6113133,5.830,16,1,5,0,7,3,0,0,0,0
0.12.1,160,tzfpy-0.12.1-cp39-none-win_amd64.whl,6113129,5.830,16,1,5,0,7,3,0,0,0,0
0.12.1,221,tzfpy-0.12.1-cp37-none-win_amd64.whl,6113122,5.830,17,1,5,0,8,3,0,0,0,0
0.12.1,222,tzfpy-0.12.1-cp39-cp39-manylinux_2_17_x86_64.manylinux2014_x86_64.whl,7041397,6.715,17,1,8,0,5,3,0,0,0,0
0.12.1,301,tzfpy-0.12.1-pp37-pypy37_pp73-manylinux_2_17_x86_64.manylinux2014_x86_64.whl,7046947,6.720,18,1,7,0,8,2,0,0,0,0
0.12.1,372,tzfpy-0.12.1-cp311-none-win_amd64.whl,6113134,5.830,19,1,5,0,10,3,0,0,0,0
0.12.1,373,tzfpy-0.12.1-cp37-cp37m-manylinux_2_17_x86_64.manylinux2014_x86_64.whl,7041715,6.716,19,1,7,0,8,3,0,0,0,0
0.12.1,374,tzfpy-0.12.1-pp38-pypy38_pp73-manylinux_2_17_x86_64.manylinux2014_x86_64.whl,7041942,6.716,19,1,8,0,8,2,0,0,0,0
0.12.1,448,tzfpy-0.12.1-cp38-cp38-manylinux_2_17_x86_64.manylinux2014_x86_64.whl,7041666,6.715,20,1,8,0,8,3,0,0,0,0
0.12.1,449,tzfpy-0.12.1-cp38-none-win_amd64.whl,6113161,5.830,20,1,5,0,11,3,0,0,0,0
0.12.1,535,tzfpy-0.12.1-cp311-cp311-manylinux_2_17_x86_64.manylinux2014_x86_64.whl,7041462,6.715,21,1,8,0,9,3,0,0,0,0
0.12.1,757,tzfpy-0.12.1-cp310-cp310-manylinux_2_17_x86_64.manylinux2014_x86_64.whl,7041460,6.715,24,1,8,0,12,3,0,0,0,0
0.12.2,161,tzfpy-0.12.2-cp39-cp39-macosx_10_7_x86_64.whl,6223357,5.935,16,1,3,0,8,4,0,0,0,0
0.12.2,223,tzfpy-0.12.2-cp311-none-win_amd64.whl,6113274,5.830,17,1,5,0,7,4,0,0,0,0
0.12.2,224,tzfpy-0.12.2-cp37-none-win_amd64.whl,6113263,5.830,17,1,5,0,7,4,0,0,0,0
0.12.2,225,tzfpy-0.12.2-cp39-none-win_amd64.whl,6113270,5.830,17,1,5,0,7,4,0,0,0,0
0.12.2,226,tzfpy-0.12.2-pp38-pypy38_pp73-manylinux_2_17_x86_64.manylinux2014_x86_64.whl,7053146,6.726,17,1,8,0,5,3,0,0,0,0
0.12.2,302,tzfpy-0.12.2-cp38-none-win_amd64.whl,6113301,5.830,18,1,5,0,8,4,0,0,0,0
0.12.2,303,tzfpy-0.12.2-pp37-pypy37_pp73-manylinux_2_17_x86_64.manylinux2014_x86_64.whl,7057804,6.731,18,1,7,0,7,3,0,0,0,0
0.12.2,375,tzfpy-0.12.2-cp37-cp37m-manylinux_2_17_aarch64.manylinux2014_aarch64.whl,7041620,6.715,19,1,6,0,8,4,0,0,0,0
0.12.2,450,tzfpy-0.12.2-cp310-none-win_amd64.whl,6113274,5.830,20,1,5,0,10,4,0,0,0,0
0.12.2,451,tzfpy-0.12.2-cp311-cp311-manylinux_2_17_aarch64.manylinux2014_aarch64.whl,7042074,6.716,20,1,7,0,8,4,0,0,0,0
0.12.2,452,tzfpy-0.12.2-cp37-cp37m-manylinux_2_17_x86_64.manylinux2014_x86_64.whl,7052755,6.726,20,1,7,0,8,4,0,0,0,0
0.12.2,453,tzfpy-0.12.2-cp39-cp39-manylinux_2_17_aarch64.manylinux2014_aarch64.whl,7041993,6.716,20,1,7,0,8,4,0,0,0,0
0.12.2,454,tzfpy-0.12.2-pp37-pypy37_pp73-manylinux_2_17_aarch64.manylinux2014_aarch64.whl,7045349,6.719,20,1,6,0,10,3,0,0,0,0
0.12.2,455,tzfpy-0.12.2-pp38-pypy38_pp73-manylinux_2_17_aarch64.manylinux2014_aarch64.whl,7042157,6.716,20,1,7,0,9,3,0,0,0,0
0.12.2,537,tzfpy-0.12.2-cp311-cp311-manylinux_2_17_x86_64.manylinux2014_x86_64.whl,7053444,6.727,21,1,8,0,8,4,0,0,0,0
0.12.2,538,tzfpy-0.12.2-cp39-cp39-manylinux_2_17_x86_64.manylinux2014_x86_64.whl,7053342,6.727,21,1,8,0,8,4,0,0,0,0
0.12.2,653,tzfpy-0.12.2-pp39-pypy39_pp73-manylinux_2_17_aarch64.manylinux2014_aarch64.whl,7041796,6.716,22,1,7,0,11,3,0,0,0,0
0.12.2,711,tzfpy-0.12.2-cp38-cp38-manylinux_2_17_aarch64.manylinux2014_aarch64.whl,7041625,6.715,23,1,7,0,11,4,0,0,0,0
0.12.2,758,tzfpy-0.12.2-cp310-cp310-manylinux_2_17_aarch64.manylinux2014_aarch64.whl,7042072,6.716,24,1,7,0,12,4,0,0,0,0
0.12.2,759,tzfpy-0.12.2-cp310-cp310-manylinux_2_17_x86_64.manylinux2014_x86_64.whl,7053440,6.727,24,1,8,0,11,4,0,0,0,0
0.12.2,760,tzfpy-0.12.2-cp38-cp38-manylinux_2_17_x86_64.manylinux2014_x86_64.whl,7052793,6.726,24,1,8,0,11,4,0,0,0,0
0.12.3,112,tzfpy-0.12.3-cp39-cp39-macosx_10_7_x86_64.whl,6223341,5.935,15,1,3,0,7,4,0,0,0,0
0.12.3,162,tzfpy-0.12.3-cp39-none-win_amd64.whl,6113271,5.830,16,1,5,0,6,4,0,0,0,0
0.12.3,227,tzfpy-0.12.3-cp37-none-win_amd64.whl,6113264,5.830,17,1,5,0,7,4,0,0,0,0
0.12.3,304,tzfpy-0.12.3-cp310-none-win_amd64.whl,6113275,5.830,18,1,5,0,8,4,0,0,0,0
0.12.3,305,tzfpy-0.12.3-cp311-none-win_amd64.whl,6113277,5.830,18,1,5,0,8,4,0,0,0,0
0.12.3,306,tzfpy-0.12.3-cp38-cp38-manylinux_2_24_armv7l.whl,7047426,6.721,18,1,8,0,5,4,0,0,0,0
0.12.3,307,tzfpy-0.12.3-cp38-none-win_amd64.whl,6113300,5.830,18,1,5,0,8,4,0,0,0,0
0.12.3,308,tzfpy-0.12.3-pp37-pypy37_pp73-manylinux_2_17_x86_64.manylinux2014_x86_64.whl,7057810,6.731,18,1,7,0,7,3,0,0,0,0
0.12.3,376,tzfpy-0.12.3-pp37-pypy37_pp73-musllinux_1_1_aarch64.whl,7219335,6.885,19,1,7,0,8,3,0,0,0,0
0.12.3,377,tzfpy-0.12.3-pp38-pypy38_pp73-manylinux_2_17_aarch64.manylinux2014_aarch64.whl,7042105,6.716,19,1,7,0,8,3,0,0,0,0
0.12.3,378,tzfpy-0.12.3-pp39-pypy39_pp73-manylinux_2_17_aarch64.manylinux2014_aarch64.whl,7041836,6.716,19,1,7,0,8,3,0,0,0,0
0.12.3,456,tzfpy-0.12.3-cp311-cp311-manylinux_2_24_armv7l.whl,7047591,6.721,20,1,8,0,7,4,0,0,0,0
0.12.3,457,tzfpy-0.12.3-cp37-cp37m-manylinux_2_17_x86_64.manylinux2014_x86_64.whl,7052790,6.726,20,1,7,0,8,4,0,0,0,0
0.12.3,458,tzfpy-0.12.3-cp37-cp37m-musllinux_1_1_aarch64.whl,7216412,6.882,20,1,7,0,8,4,0,0,0,0
0.12.3,459,tzfpy-0.12.3-pp38-pypy38_pp73-musllinux_1_1_aarch64.whl,7216630,6.882,20,1,8,0,8,3,0,0,0,0
0.12.3,539,tzfpy-0.12.3-cp310-cp310-musllinux_1_1_aarch64.whl,7216768,6.882,21,1,8,0,8,4,0,0,0,0
0.12.3,540,tzfpy-0.12.3-cp310-cp310-musllinux_1_1_x86_64.whl,7218151,6.884,21,1,8,0,8,4,0,0,0,0
0.12.3,541,tzfpy-0.12.3-cp311-cp311-manylinux_2_17_aarch64.manylinux2014_aarch64.whl,7042075,6.716,21,1,7,0,9,4,0,0,0,0
0.12.3,542,tzfpy-0.12.3-cp311-cp311-manylinux_2_17_x86_64.manylinux2014_x86_64.whl,7053479,6.727,21,1,8,0,8,4,0,0,0,0
0.12.3,543,tzfpy-0.12.3-cp38-cp38-manylinux_2_17_x86_64.manylinux2014_x86_64.whl,7052801,6.726,21,1,8,0,8,4,0,0,0,0
0.12.3,544,tzfpy-0.12.3-cp38-cp38-musllinux_1_1_aarch64.whl,7216374,6.882,21,1,8,0,8,4,0,0,0,0
0.12.3,545,tzfpy-0.12.3-cp39-cp39-manylinux_2_17_aarch64.manylinux2014_aarch64.whl,7041986,6.716,21,1,7,0,9,4,0,0,0,0
0.12.3,546,tzfpy-0.12.3-cp39-cp39-manylinux_2_24_armv7l.whl,7047556,6.721,21,1,8,0,8,4,0,0,0,0
0.12.3,547,tzfpy-0.12.3-pp37-pypy37_pp73-manylinux_2_17_aarch64.manylinux2014_aarch64.whl,7045302,6.719,21,1,6,0,11,3,0,0,0,0
0.12.3,548,tzfpy-0.12.3-pp39-pypy39_pp73-manylinux_2_17_x86_64.manylinux2014_x86_64.whl,7052939,6.726,21,1,8,0,9,3,0,0,0,0
0.12.3,654,tzfpy-0.12.3-cp310-cp310-manylinux_2_24_armv7l.whl,7047590,6.721,22,1,8,0,9,4,0,0,0,0
0.12.3,655,tzfpy-0.12.3-cp37-cp37m-manylinux_2_17_aarch64.manylinux2014_aarch64.whl,7041629,6.715,22,1,6,0,11,4,0,0,0,0
0.12.3,656,tzfpy-0.12.3-cp39-cp39-manylinux_2_17_x86_64.manylinux2014_x86_64.whl,7053373,6.727,22,1,8,0,9,4,0,0,0,0
0.12.3,657,tzfpy-0.12.3-cp39-cp39-musllinux_1_1_aarch64.whl,7216740,6.882,22,1,8,0,9,4,0,0,0,0
0.12.3,712,tzfpy-0.12.3-cp311-cp311-musllinux_1_1_aarch64.whl,7216764,6.882,23,1,8,0,10,4,0,0,0,0
0.12.3,713,tzfpy-0.12.3-cp37-cp37m-manylinux_2_24_armv7l.whl,7047394,6.721,23,1,7,0,11,4,0,0,0,0
0.12.3,714,tzfpy-0.12.3-cp38-cp38-manylinux_2_17_aarch64.manylinux2014_aarch64.whl,7041611,6.715,23,1,7,0,11,4,0,0,0,0
0.12.3,715,tzfpy-0.12.3-pp38-pypy38_pp73-manylinux_2_17_x86_64.manylinux2014_x86_64.whl,7053162,6.726,23,1,8,0,11,3,0,0,0,0
0.12.3,716,tzfpy-0.12.3-pp38-pypy38_pp73-manylinux_2_24_armv7l.whl,7048071,6.722,23,1,8,0,11,3,0,0,0,0
0.12.3,798,tzfpy-0.12.3-cp310-cp310-manylinux_2_17_x86_64.manylinux2014_x86_64.whl,7053477,6.727,25,1,8,0,12,4,0,0,0,0
0.12.3,820,tzfpy-0.12.3-cp310-cp310-manylinux_2_17_aarch64.manylinux2014_aarch64.whl,7042072,6.716,26,1,7,0,14,4,0,0,0,0
0.13.0,68,tzfpy-0.13.0-cp39-cp39-macosx_10_7_x86_64.whl,6223499,5.935,14,1,3,0,7,3,0,0,0,0
0.13.0,163,tzfpy-0.13.0-cp310-none-win_amd64.whl,6113761,5.831,16,1,5,0,7,3,0,0,0,0
0.13.0,164,tzfpy-0.13.0-cp311-none-win_amd64.whl,6113762,5.831,16,1,5,0,7,3,0,0,0,0
0.13.0,165,tzfpy-0.13.0-cp37-cp37m-manylinux_2_17_x86_64.manylinux2014_x86_64.whl,7052915,6.726,16,1,7,0,5,3,0,0,0,0
0.13.0,166,tzfpy-0.13.0-cp37-none-win_amd64.whl,6113726,5.831,16,1,5,0,7,3,0,0,0,0
0.13.0,167,tzfpy-0.13.0-cp38-none-win_amd64.whl,6113769,5.831,16,1,5,0,7,3,0,0,0,0
0.13.0,228,tzfpy-0.13.0-cp311-cp311-manylinux_2_17_x86_64.manylinux2014_x86_64.whl,7053528,6.727,17,1,8,0,5,3,0,0,0,0
0.13.0,229,tzfpy-0.13.0-cp38-cp38-manylinux_2_17_aarch64.manylinux2014_aarch64.whl,7041721,6.716,17,1,7,0,6,3,0,0,0,0
0.13.0,230,tzfpy-0.13.0-cp38-cp38-musllinux_1_1_aarch64.whl,7216592,6.882,17,1,8,0,5,3,0,0,0,0
0.13.0,231,tzfpy-0.13.0-pp37-pypy37_pp73-manylinux_2_17_aarch64.manylinux2014_aarch64.whl,7045534,6.719,17,1,6,0,8,2,0,0,0,0
0.13.0,232,tzfpy-0.13.0-pp38-pypy38_pp73-manylinux_2_24_armv7l.whl,7048137,6.722,17,1,8,0,6,2,0,0,0,0
0.13.0,233,tzfpy-0.13.0-pp39-pypy39_pp73-manylinux_2_17_aarch64.manylinux2014_aarch64.whl,7041938,6.716,17,1,7,0,7,2,0,0,0,0
0.13.0,309,tzfpy-0.13.0-cp37-cp37m-manylinux_2_17_aarch64.manylinux2014_aarch64.whl,7041670,6.715,18,1,6,0,8,3,0,0,0,0
0.13.0,310,tzfpy-0.13.0-cp37-cp37m-musllinux_1_1_aarch64.whl,7216672,6.882,18,1,7,0,7,3,0,0,0,0
0.13.0,311,tzfpy-0.13.0-pp37-pypy37_pp73-musllinux_1_1_aarch64.whl,7219479,6.885,18,1,7,0,8,2,0,0,0,0
0.13.0,379,tzfpy-0.13.0-cp37-cp37m-manylinux_2_24_armv7l.whl,7047438,6.721,19,1,7,0,8,3,0,0,0,0
0.13.0,380,tzfpy-0.13.0-cp38-cp38-manylinux_2_17_x86_64.manylinux2014_x86_64.whl,7052935,6.726,19,1,8,0,7,3,0,0,0,0
0.13.0,381,tzfpy-0.13.0-cp39-cp39-manylinux_2_17_aarch64.manylinux2014_aarch64.whl,7042089,6.716,19,1,7,0,8,3,0,0,0,0
0.13.0,382,tzfpy-0.13.0-cp39-none-win_amd64.whl,6113759,5.831,19,1,5,0,10,3,0,0,0,0
0.13.0,383,tzfpy-0.13.0-pp37-pypy37_pp73-manylinux_2_17_x86_64.manylinux2014_x86_64.whl,7057976,6.731,19,1,7,0,9,2,0,0,0,0
0.13.0,384,tzfpy-0.13.0-pp38-pypy38_pp73-manylinux_2_17_x86_64.manylinux2014_x86_64.whl,7053272,6.727,19,1,8,0,8,2,0,0,0,0
0.13.0,385,tzfpy-0.13.0-pp38-pypy38_pp73-musllinux_1_1_aarch64.whl,7216671,6.882,19,1,8,0,8,2,0,0,0,0
0.13.0,386,tzfpy-0.13.0-pp39-pypy39_pp73-manylinux_2_17_x86_64.manylinux2014_x86_64.whl,7053151,6.726,19,1,8,0,8,2,0,0,0,0
0.13.0,460,tzfpy-0.13.0-cp310-cp310-manylinux_2_17_x86_64.manylinux2014_x86_64.whl,7053524,6.727,20,1,8,0,8,3,0,0,0,0
0.13.0,461,tzfpy-0.13.0-cp310-cp310-manylinux_2_24_armv7l.whl,7047684,6.721,20,1,8,0,8,3,0,0,0,0
0.13.0,462,tzfpy-0.13.0-cp310-cp310-musllinux_1_1_aarch64.whl,7216976,6.883,20,1,8,0,8,3,0,0,0,0
0.13.0,463,tzfpy-0.13.0-cp310-cp310-musllinux_1_1_x86_64.whl,7218149,6.884,20,1,8,0,8,3,0,0,0,0
0.13.0,464,tzfpy-0.13.0-cp311-cp311-manylinux_2_24_armv7l.whl,7047685,6.721,20,1,8,0,8,3,0,0,0,0
0.13.0,465,tzfpy-0.13.0-cp311-cp311-musllinux_1_1_aarch64.whl,7216973,6.883,20,1,8,0,8,3,0,0,0,0
0.13.0,466,tzfpy-0.13.0-cp39-cp39-manylinux_2_17_x86_64.manylinux2014_x86_64.whl,7053445,6.727,20,1,8,0,8,3,0,0,0,0
0.13.0,467,tzfpy-0.13.0-cp39-cp39-manylinux_2_24_armv7l.whl,7047648,6.721,20,1,8,0,8,3,0,0,0,0
0.13.0,468,tzfpy-0.13.0-cp39-cp39-musllinux_1_1_aarch64.whl,7216960,6.883,20,1,8,0,8,3,0,0,0,0
0.13.0,549,tzfpy-0.13.0-pp38-pypy38_pp73-manylinux_2_17_aarch64.manylinux2014_aarch64.whl,7042121,6.716,21,1,7,0,11,2,0,0,0,0
0.13.0,659,tzfpy-0.13.0-cp311-cp311-manylinux_2_17_aarch64.manylinux2014_aarch64.whl,7042175,6.716,22,1,7,0,11,3,0,0,0,0
0.13.0,717,tzfpy-0.13.0-cp38-cp38-manylinux_2_24_armv7l.whl,7047475,6.721,23,1,8,0,11,3,0,0,0,0
0.13.0,821,tzfpy-0.13.0-cp310-cp310-manylinux_2_17_aarch64.manylinux2014_aarch64.whl,7042173,6.716,26,1,7,0,15,3,0,0,0,0
0.13.1,168,tzfpy-0.13.1-cp310-cp310-macosx_10_9_x86_64.macosx_11_0_arm64.macosx_10_9_universal2.whl,12552675,11.971,16,1,3,0,8,4,0,0,0,0
0.13.1,169,tzfpy-0.13.1-cp38-cp38-macosx_10_9_x86_64.macosx_11_0_arm64.macosx_10_9_universal2.whl,12552860,11.971,16,1,3,0,8,4,0,0,0,0
0.13.1,170,tzfpy-0.13.1-cp39-cp39-macosx_10_9_x86_64.macosx_11_0_arm64.macosx_10_9_universal2.whl,12552646,11.971,16,1,3,0,8,4,0,0,0,0
0.13.1,171,tzfpy-0.13.1-cp39-none-win_amd64.whl,6113758,5.831,16,1,5,0,6,4,0,0,0,0
0.13.1,234,tzfpy-0.13.1-cp311-cp311-macosx_10_9_x86_64.macosx_11_0_arm64.macosx_10_9_universal2.whl,12552677,11.971,17,1,3,0,9,4,0,0,0,0
0.13.1,235,tzfpy-0.13.1-cp37-none-win_amd64.whl,6113726,5.831,17,1,5,0,7,4,0,0,0,0
0.13.1,312,tzfpy-0.13.1-cp310-none-win_amd64.whl,6113761,5.831,18,1,5,0,8,4,0,0,0,0
0.13.1,313,tzfpy-0.13.1-cp311-none-win_amd64.whl,6113762,5.831,18,1,5,0,8,4,0,0,0,0
0.13.1,314,tzfpy-0.13.1-cp38-none-win_amd64.whl,6113766,5.831,18,1,5,0,8,4,0,0,0,0
0.13.1,315,tzfpy-0.13.1-cp39-cp39-manylinux_2_24_armv7l.whl,7047664,6.721,18,1,8,0,5,4,0,0,0,0
0.13.1,387,tzfpy-0.13.1-cp310-cp310-manylinux_2_17_aarch64.manylinux2014_aarch64.whl,7042190,6.716,19,1,7,0,7,4,0,0,0,0
0.13.1,388,tzfpy-0.13.1-cp37-cp37m-manylinux_2_17_aarch64.manylinux2014_aarch64.whl,7041726,6.716,19,1,6,0,8,4,0,0,0,0
0.13.1,389,tzfpy-0.13.1-pp37-pypy37_pp73-manylinux_2_17_x86_64.manylinux2014_x86_64.whl,7057985,6.731,19,1,7,0,8,3,0,0,0,0
0.13.1,390,tzfpy-0.13.1-pp37-pypy37_pp73-musllinux_1_1_aarch64.whl,7219507,6.885,19,1,7,0,8,3,0,0,0,0
0.13.1,391,tzfpy-0.13.1-pp38-pypy38_pp73-manylinux_2_17_x86_64.manylinux2014_x86_64.whl,7053296,6.727,19,1,8,0,7,3,0,0,0,0
0.13.1,392,tzfpy-0.13.1-pp39-pypy39_pp73-manylinux_2_17_aarch64.manylinux2014_aarch64.whl,7041957,6.716,19,1,7,0,8,3,0,0,0,0
0.13.1,470,tzfpy-0.13.1-cp37-cp37m-manylinux_2_17_x86_64.manylinux2014_x86_64.whl,7052971,6.726,20,1,7,0,8,4,0,0,0,0
0.13.1,471,tzfpy-0.13.1-pp38-pypy38_pp73-manylinux_2_17_aarch64.manylinux2014_aarch64.whl,7042149,6.716,20,1,7,0,9,3,0,0,0,0
0.13.1,550,tzfpy-0.13.1-cp310-cp310-musllinux_1_1_aarch64.whl,7217022,6.883,21,1,8,0,8,4,0,0,0,0
0.13.1,551,tzfpy-0.13.1-cp310-cp310-musllinux_1_1_x86_64.whl,7218181,6.884,21,1,8,0,8,4,0,0,0,0
0.13.1,552,tzfpy-0.13.1-cp311-cp311-manylinux_2_24_armv7l.whl,7047732,6.721,21,1,8,0,8,4,0,0,0,0
0.13.1,553,tzfpy-0.13.1-cp311-cp311-musllinux_1_1_aarch64.whl,7217020,6.883,21,1,8,0,8,4,0,0,0,0
0.13.1,554,tzfpy-0.13.1-cp37-cp37m-manylinux_2_24_armv7l.whl,7047439,6.721,21,1,7,0,9,4,0,0,0,0
0.13.1,555,tzfpy-0.13.1-cp38-cp38-manylinux_2_17_aarch64.manylinux2014_aarch64.whl,7041723,6.716,21,1,7,0,9,4,0,0,0,0
0.13.1,556,tzfpy-0.13.1-cp38-cp38-manylinux_2_24_armv7l.whl,7047493,6.721,21,1,8,0,8,4,0,0,0,0
0.13.1,557,tzfpy-0.13.1-cp38-cp38-musllinux_1_1_aarch64.whl,7216628,6.882,21,1,8,0,8,4,0,0,0,0
0.13.1,558,tzfpy-0.13.1-cp39-cp39-manylinux_2_17_x86_64.manylinux2014_x86_64.whl,7053441,6.727,21,1,8,0,8,4,0,0,0,0
0.13.1,559,tzfpy-0.13.1-pp39-pypy39_pp73-manylinux_2_17_x86_64.manylinux2014_x86_64.whl,7053133,6.726,21,1,8,0,9,3,0,0,0,0
0.13.1,660,tzfpy-0.13.1-cp310-cp310-manylinux_2_17_x86_64.manylinux2014_x86_64.whl,7053553,6.727,22,1,8,0,9,4,0,0,0,0
0.13.1,661,tzfpy-0.13.1-cp311-cp311-manylinux_2_17_aarch64.manylinux2014_aarch64.whl,7042192,6.716,22,1,7,0,10,4,0,0,0,0
0.13.1,662,tzfpy-0.13.1-cp38-cp38-manylinux_2_17_x86_64.manylinux2014_x86_64.whl,7052961,6.726,22,1,8,0,9,4,0,0,0,0
0.13.1,663,tzfpy-0.13.1-pp37-pypy37_pp73-manylinux_2_17_aarch64.manylinux2014_aarch64.whl,7045524,6.719,22,1,6,0,12,3,0,0,0,0
0.13.1,664,tzfpy-0.13.1-pp38-pypy38_pp73-manylinux_2_24_armv7l.whl,7048099,6.722,22,1,8,0,10,3,0,0,0,0
0.13.1,718,tzfpy-0.13.1-cp37-cp37m-macosx_10_9_x86_64.macosx_11_0_arm64.macosx_10_9_universal2.whl,12552881,11.971,23,1,3,0,15,4,0,0,0,0
0.13.1,719,tzfpy-0.13.1-cp37-cp37m-musllinux_1_1_aarch64.whl,7216642,6.882,23,1,7,0,11,4,0,0,0,0
0.13.1,720,tzfpy-0.13.1-pp38-pypy38_pp73-musllinux_1_1_aarch64.whl,7216714,6.882,23,1,8,0,11,3,0,0,0,0
0.13.1,762,tzfpy-0.13.1-cp310-cp310-manylinux_2_24_armv7l.whl,7047732,6.721,24,1,8,0,11,4,0,0,0,0
0.13.1,763,tzfpy-0.13.1-cp39-cp39-manylinux_2_17_aarch64.manylinux2014_aarch64.whl,7042088,6.716,24,1,7,0,12,4,0,0,0,0
0.13.1,764,tzfpy-0.13.1-cp39-cp39-musllinux_1_1_aarch64.whl,7216998,6.883,24,1,8,0,11,4,0,0,0,0
0.14.0,14,tzfpy-0.14.0-cp311-cp311-macosx_10_9_x86_64.macosx_11_0_arm64.macosx_10_9_universal2.whl,12557256,11.976,12,1,3,0,5,3,0,0,0,0
0.14.0,32,tzfpy-0.14.0-cp38-cp38-macosx_10_9_x86_64.macosx_11_0_arm64.macosx_10_9_universal2.whl,12557254,11.976,13,1,3,0,5,4,0,0,0,0
0.14.0,113,tzfpy-0.14.0-pp37-pypy37_pp73-manylinux_2_17_aarch64.manylinux2014_aarch64.whl,7057233,6.730,15,1,6,0,5,3,0,0,0,0
0.14.0,172,tzfpy-0.14.0-cp39-cp39-macosx_10_9_x86_64.macosx_11_0_arm64.macosx_10_9_universal2.whl,12557251,11.976,16,1,3,0,8,4,0,0,0,0
0.14.0,236,tzfpy-0.14.0-cp310-cp310-macosx_10_9_x86_64.macosx_11_0_arm64.macosx_10_9_universal2.whl,12557260,11.976,17,1,3,0,9,4,0,0,0,0
0.14.0,237,tzfpy-0.14.0-cp37-cp37m-macosx_10_9_x86_64.macosx_11_0_arm64.macosx_10_9_universal2.whl,12557275,11.976,17,1,3,0,9,4,0,0,0,0
0.14.0,238,tzfpy-0.14.0-cp39-none-win_amd64.whl,6114403,5.831,17,1,5,0,7,4,0,0,0,0
0.14.0,316,tzfpy-0.14.0-cp310-none-win_amd64.whl,6114375,5.831,18,1,5,0,8,4,0,0,0,0
0.14.0,317,tzfpy-0.14.0-cp311-none-win_amd64.whl,6114375,5.831,18,1,5,0,8,4,0,0,0,0
0.14.0,318,tzfpy-0.14.0-cp38-none-win_amd64.whl,6114216,5.831,18,1,5,0,8,4,0,0,0,0
0.14.0,319,tzfpy-0.14.0-cp39-cp39-manylinux_2_17_aarch64.manylinux2014_aarch64.whl,7053996,6.727,18,1,7,0,6,4,0,0,0,0
0.14.0,393,tzfpy-0.14.0-cp311-cp311-musllinux_1_1_aarch64.whl,7230082,6.895,19,1,8,0,6,4,0,0,0,0
0.14.0,394,tzfpy-0.14.0-pp37-pypy37_pp73-manylinux_2_24_armv7l.whl,7082865,6.755,19,1,7,0,8,3,0,0,0,0
0.14.0,472,tzfpy-0.14.0-cp37-cp37m-manylinux_2_17_x86_64.manylinux2014_x86_64.whl,7069204,6.742,20,1,7,0,8,4,0,0,0,0
0.14.0,473,tzfpy-0.14.0-cp38-cp38-manylinux_2_17_x86_64.manylinux2014_x86_64.whl,7069129,6.742,20,1,8,0,7,4,0,0,0,0
0.14.0,474,tzfpy-0.14.0-cp38-cp38-musllinux_1_1_aarch64.whl,7230532,6.896,20,1,8,0,7,4,0,0,0,0
0.14.0,475,tzfpy-0.14.0-cp39-cp39-manylinux_2_17_x86_64.manylinux2014_x86_64.whl,7068854,6.741,20,1,8,0,7,4,0,0,0,0
0.14.0,476,tzfpy-0.14.0-pp37-pypy37_pp73-musllinux_1_1_aarch64.whl,7233533,6.898,20,1,7,0,9,3,0,0,0,0
0.14.0,477,tzfpy-0.14.0-pp38-pypy38_pp73-manylinux_2_17_x86_64.manylinux2014_x86_64.whl,7069982,6.742,20,1,8,0,8,3,0,0,0,0
0.14.0,478,tzfpy-0.14.0-pp39-pypy39_pp73-manylinux_2_17_aarch64.manylinux2014_aarch64.whl,7054929,6.728,20,1,7,0,9,3,0,0,0,0
0.14.0,560,tzfpy-0.14.0-cp310-cp310-manylinux_2_17_aarch64.manylinux2014_aarch64.whl,7054069,6.727,21,1,7,0,9,4,0,0,0,0
0.14.0,561,tzfpy-0.14.0-cp310-cp310-manylinux_2_17_x86_64.manylinux2014_x86_64.whl,7068888,6.741,21,1,8,0,8,4,0,0,0,0
0.14.0,562,tzfpy-0.14.0-cp310-cp310-manylinux_2_24_armv7l.whl,7062568,6.735,21,1,8,0,8,4,0,0,0,0
0.14.0,563,tzfpy-0.14.0-cp311-cp311-manylinux_2_17_aarch64.manylinux2014_aarch64.whl,7054070,6.727,21,1,7,0,9,4,0,0,0,0
0.14.0,564,tzfpy-0.14.0-cp312-cp312-manylinux_2_17_aarch64.manylinux2014_aarch64.whl,7072777,6.745,21,1,7,0,9,4,0,0,0,0
0.14.0,565,tzfpy-0.14.0-cp37-cp37m-manylinux_2_17_aarch64.manylinux2014_aarch64.whl,7054208,6.727,21,1,6,0,10,4,0,0,0,0
0.14.0,566,tzfpy-0.14.0-cp37-cp37m-musllinux_1_1_aarch64.whl,7230435,6.895,21,1,7,0,9,4,0,0,0,0
0.14.0,567,tzfpy-0.14.0-cp38-cp38-manylinux_2_24_armv7l.whl,7062873,6.736,21,1,8,0,8,4,0,0,0,0
0.14.0,568,tzfpy-0.14.0-cp39-cp39-musllinux_1_1_aarch64.whl,7230143,6.895,21,1,8,0,8,4,0,0,0,0
0.14.0,569,tzfpy-0.14.0-pp38-pypy38_pp73-manylinux_2_24_armv7l.whl,7064178,6.737,21,1,8,0,9,3,0,0,0,0
0.14.0,571,tzfpy-0.14.0-pp39-pypy39_pp73-musllinux_1_1_aarch64.whl,7231444,6.896,21,1,8,0,9,3,0,0,0,0
0.14.0,666,tzfpy-0.14.0-cp311-cp311-manylinux_2_24_armv7l.whl,7062569,6.735,22,1,8,0,9,4,0,0,0,0
0.14.0,667,tzfpy-0.14.0-cp312-cp312-musllinux_1_1_aarch64.whl,7244002,6.908,22,1,8,0,9,4,0,0,0,0
0.14.0,668,tzfpy-0.14.0-cp37-none-win_amd64.whl,6114174,5.831,22,1,5,0,12,4,0,0,0,0
0.14.0,669,tzfpy-0.14.0-cp39-cp39-manylinux_2_24_armv7l.whl,7062520,6.735,22,1,8,0,9,4,0,0,0,0
0.14.0,670,tzfpy-0.14.0-pp38-pypy38_pp73-manylinux_2_17_aarch64.manylinux2014_aarch64.whl,7054880,6.728,22,1,7,0,11,3,0,0,0,0
0.14.0,671,tzfpy-0.14.0-pp38-pypy38_pp73-musllinux_1_1_aarch64.whl,7231477,6.896,22,1,8,0,10,3,0,0,0,0
0.14.0,721,tzfpy-0.14.0-pp37-pypy37_pp73-manylinux_2_17_x86_64.manylinux2014_x86_64.whl,7073068,6.745,23,1,7,0,12,3,0,0,0,0
0.14.0,765,tzfpy-0.14.0-cp310-cp310-musllinux_1_1_x86_64.whl,7234575,6.899,24,1,8,0,11,4,0,0,0,0
0.14.0,766,tzfpy-0.14.0-cp37-cp37m-manylinux_2_24_armv7l.whl,7062859,6.736,24,1,7,0,12,4,0,0,0,0
0.14.0,767,tzfpy-0.14.0-cp38-cp38-manylinux_2_17_aarch64.manylinux2014_aarch64.whl,7054058,6.727,24,1,7,0,12,4,0,0,0,0
0.14.0,768,tzfpy-0.14.0-pp39-pypy39_pp73-manylinux_2_17_x86_64.manylinux2014_x86_64.whl,7070147,6.743,24,1,8,0,12,3,0,0,0,0
0.14.0,799,tzfpy-0.14.0-cp310-cp310-musllinux_1_1_aarch64.whl,7230081,6.895,25,1,8,0,12,4,0,0,0,0
0.14.0,800,tzfpy-0.14.0-cp311-cp311-manylinux_2_17_x86_64.manylinux2014_x86_64.whl,7068890,6.741,25,1,8,0,12,4,0,0,0,0
0.15.0,173,tzfpy-0.15.0-cp311-cp311-macosx_10_9_x86_64.macosx_11_0_arm64.macosx_10_9_universal2.whl,12605525,12.022,16,1,3,0,8,4,0,0,0,0
0.15.0,239,tzfpy-0.15.0-cp39-cp39-macosx_10_9_x86_64.macosx_11_0_arm64.macosx_10_9_universal2.whl,12605637,12.022,17,1,3,0,9,4,0,0,0,0
0.15.0,320,tzfpy-0.15.0-cp37-none-win_amd64.whl,6132092,5.848,18,1,5,0,8,4,0,0,0,0
0.15.0,321,tzfpy-0.15.0-cp39-none-win_amd64.whl,6132161,5.848,18,1,5,0,8,4,0,0,0,0
0.15.0,395,tzfpy-0.15.0-cp310-cp310-manylinux_2_17_aarch64.manylinux2014_aarch64.whl,7072787,6.745,19,1,7,0,7,4,0,0,0,0
0.15.0,396,tzfpy-0.15.0-cp311-none-win_amd64.whl,6132160,5.848,19,1,5,0,9,4,0,0,0,0
0.15.0,397,tzfpy-0.15.0-cp37-cp37m-manylinux_2_24_armv7l.whl,7079837,6.752,19,1,7,0,7,4,0,0,0,0
0.15.0,398,tzfpy-0.15.0-cp38-none-win_amd64.whl,6132135,5.848,19,1,5,0,9,4,0,0,0,0
0.15.0,399,tzfpy-0.15.0-pp37-pypy37_pp73-musllinux_1_1_aarch64.whl,7249124,6.913,19,1,7,0,8,3,0,0,0,0
0.15.0,400,tzfpy-0.15.0-pp38-pypy38_pp73-manylinux_2_17_aarch64.manylinux2014_aarch64.whl,7073982,6.746,19,1,7,0,8,3,0,0,0,0
0.15.0,479,tzfpy-0.15.0-cp37-cp37m-macosx_10_9_x86_64.macosx_11_0_arm64.macosx_10_9_universal2.whl,12606179,12.022,20,1,3,0,12,4,0,0,0,0
0.15.0,480,tzfpy-0.15.0-cp37-cp37m-manylinux_2_17_aarch64.manylinux2014_aarch64.whl,7073014,6.745,20,1,6,0,9,4,0,0,0,0
0.15.0,481,tzfpy-0.15.0-cp37-cp37m-musllinux_1_1_aarch64.whl,7244238,6.909,20,1,7,0,8,4,0,0,0,0
0.15.0,482,tzfpy-0.15.0-pp37-pypy37_pp73-manylinux_2_17_x86_64.manylinux2014_x86_64.whl,7083263,6.755,20,1,7,0,9,3,0,0,0,0
0.15.0,483,tzfpy-0.15.0-pp37-pypy37_pp73-manylinux_2_24_armv7l.whl,7082854,6.755,20,1,7,0,9,3,0,0,0,0
0.15.0,484,tzfpy-0.15.0-pp38-pypy38_pp73-manylinux_2_17_x86_64.manylinux2014_x86_64.whl,7080175,6.752,20,1,8,0,8,3,0,0,0,0
0.15.0,485,tzfpy-0.15.0-pp39-pypy39_pp73-manylinux_2_17_aarch64.manylinux2014_aarch64.whl,7073906,6.746,20,1,7,0,9,3,0,0,0,0
0.15.0,486,tzfpy-0.15.0-pp39-pypy39_pp73-manylinux_2_17_x86_64.manylinux2014_x86_64.whl,7080240,6.752,20,1,8,0,8,3,0,0,0,0
0.15.0,572,tzfpy-0.15.0-cp310-cp310-manylinux_2_24_armv7l.whl,7079638,6.752,21,1,8,0,8,4,0,0,0,0
0.15.0,573,tzfpy-0.15.0-cp310-cp310-musllinux_1_1_x86_64.whl,7248236,6.912,21,1,8,0,8,4,0,0,0,0
0.15.0,574,tzfpy-0.15.0-cp312-cp312-musllinux_1_1_aarch64.whl,7243995,6.908,21,1,8,0,8,4,0,0,0,0
0.15.0,575,tzfpy-0.15.0-cp37-cp37m-manylinux_2_17_x86_64.manylinux2014_x86_64.whl,7079410,6.751,21,1,7,0,9,4,0,0,0,0
0.15.0,576,tzfpy-0.15.0-cp38-cp38-manylinux_2_24_armv7l.whl,7079878,6.752,21,1,8,0,8,4,0,0,0,0
0.15.0,577,tzfpy-0.15.0-cp38-cp38-musllinux_1_1_aarch64.whl,7244037,6.908,21,1,8,0,8,4,0,0,0,0
0.15.0,578,tzfpy-0.15.0-cp39-cp39-manylinux_2_17_aarch64.manylinux2014_aarch64.whl,7072694,6.745,21,1,7,0,9,4,0,0,0,0
0.15.0,579,tzfpy-0.15.0-cp39-cp39-manylinux_2_17_x86_64.manylinux2014_x86_64.whl,7078913,6.751,21,1,8,0,8,4,0,0,0,0
0.15.0,580,tzfpy-0.15.0-pp37-pypy37_pp73-manylinux_2_17_aarch64.manylinux2014_aarch64.whl,7076755,6.749,21,1,6,0,11,3,0,0,0,0
0.15.0,581,tzfpy-0.15.0-pp38-pypy38_pp73-manylinux_2_24_armv7l.whl,7080344,6.752,21,1,8,0,9,3,0,0,0,0
0.15.0,672,tzfpy-0.15.0-cp310-cp310-macosx_10_9_x86_64.macosx_11_0_arm64.macosx_10_9_universal2.whl,12605525,12.022,22,1,3,0,14,4,0,0,0,0
0.15.0,673,tzfpy-0.15.0-cp311-cp311-manylinux_2_24_armv7l.whl,7079637,6.752,22,1,8,0,9,4,0,0,0,0
0.15.0,674,tzfpy-0.15.0-cp39-cp39-manylinux_2_24_armv7l.whl,7079517,6.752,22,1,8,0,9,4,0,0,0,0
0.15.0,722,tzfpy-0.15.0-cp310-cp310-musllinux_1_1_aarch64.whl,7243937,6.908,23,1,8,0,10,4,0,0,0,0
0.15.0,723,tzfpy-0.15.0-cp311-cp311-musllinux_1_1_aarch64.whl,7243939,6.908,23,1,8,0,10,4,0,0,0,0
0.15.0,724,tzfpy-0.15.0-cp312-cp312-manylinux_2_17_aarch64.manylinux2014_aarch64.whl,7072777,6.745,23,1,7,0,11,4,0,0,0,0
0.15.0,725,tzfpy-0.15.0-pp38-pypy38_pp73-musllinux_1_1_aarch64.whl,7244985,6.909,23,1,8,0,11,3,0,0,0,0
0.15.0,769,tzfpy-0.15.0-cp311-cp311-manylinux_2_17_aarch64.manylinux2014_aarch64.whl,7072788,6.745,24,1,7,0,12,4,0,0,0,0
0.15.0,770,tzfpy-0.15.0-pp39-pypy39_pp73-manylinux_2_24_armv7l.whl,7080302,6.752,24,1,8,0,12,3,0,0,0,0
0.15.0,822,tzfpy-0.15.0-cp39-cp39-musllinux_1_1_aarch64.whl,7243913,6.908,26,1,8,0,13,4,0,0,0,0
0.15.1,114,tzfpy-0.15.1-cp38-cp38-macosx_10_9_x86_64.macosx_11_0_arm64.macosx_10_9_universal2.whl,12639609,12.054,15,1,3,0,7,4,0,0,0,0
0.15.1,115,tzfpy-0.15.1-cp39-cp39-macosx_10_9_x86_64.macosx_11_0_arm64.macosx_10_9_universal2.whl,12639607,12.054,15,1,3,0,7,4,0,0,0,0
0.15.1,174,tzfpy-0.15.1-cp37-cp37m-macosx_10_9_x86_64.macosx_11_0_arm64.macosx_10_9_universal2.whl,12639659,12.054,16,1,3,0,8,4,0,0,0,0
0.15.1,175,tzfpy-0.15.1-pp310-pypy310_pp73-manylinux_2_17_aarch64.manylinux2014_aarch64.whl,7109924,6.781,16,1,7,0,5,3,0,0,0,0
0.15.1,240,tzfpy-0.15.1-cp310-none-win_amd64.whl,6143499,5.859,17,1,5,0,7,4,0,0,0,0
0.15.1,241,tzfpy-0.15.1-cp312-cp312-manylinux_2_17_aarch64.manylinux2014_aarch64.whl,7108888,6.780,17,1,7,0,5,4,0,0,0,0
0.15.1,242,tzfpy-0.15.1-cp37-cp37m-manylinux_2_17_x86_64.manylinux2014_x86_64.whl,7118533,6.789,17,1,7,0,5,4,0,0,0,0
0.15.1,243,tzfpy-0.15.1-cp37-none-win_amd64.whl,6143630,5.859,17,1,5,0,7,4,0,0,0,0
0.15.1,244,tzfpy-0.15.1-cp38-none-win_amd64.whl,6143698,5.859,17,1,5,0,7,4,0,0,0,0
0.15.1,245,tzfpy-0.15.1-cp39-none-win_amd64.whl,6143497,5.859,17,1,5,0,7,4,0,0,0,0
0.15.1,322,tzfpy-0.15.1-cp310-cp310-macosx_10_9_x86_64.macosx_11_0_arm64.macosx_10_9_universal2.whl,12639750,12.054,18,1,3,0,10,4,0,0,0,0
0.15.1,323,tzfpy-0.15.1-pp37-pypy37_pp73-manylinux_2_17_aarch64.manylinux2014_aarch64.whl,7112888,6.783,18,1,6,0,8,3,0,0,0,0
0.15.1,401,tzfpy-0.15.1-cp37-cp37m-manylinux_2_17_aarch64.manylinux2014_aarch64.whl,7110060,6.781,19,1,6,0,8,4,0,0,0,0
0.15.1,402,tzfpy-0.15.1-cp37-cp37m-manylinux_2_24_armv7l.whl,7122454,6.793,19,1,7,0,7,4,0,0,0,0
0.15.1,403,tzfpy-0.15.1-pp37-pypy37_pp73-manylinux_2_17_x86_64.manylinux2014_x86_64.whl,7121523,6.792,19,1,7,0,8,3,0,0,0,0
0.15.1,404,tzfpy-0.15.1-pp37-pypy37_pp73-musllinux_1_1_aarch64.whl,7287440,6.950,19,1,7,0,8,3,0,0,0,0
0.15.1,405,tzfpy-0.15.1-pp38-pypy38_pp73-manylinux_2_17_aarch64.manylinux2014_aarch64.whl,7109912,6.781,19,1,7,0,8,3,0,0,0,0
0.15.1,406,tzfpy-0.15.1-pp39-pypy39_pp73-manylinux_2_17_aarch64.manylinux2014_aarch64.whl,7109883,6.781,19,1,7,0,8,3,0,0,0,0
0.15.1,407,tzfpy-0.15.1-pp39-pypy39_pp73-manylinux_2_17_x86_64.manylinux2014_x86_64.whl,7118111,6.788,19,1,8,0,7,3,0,0,0,0
0.15.1,487,tzfpy-0.15.1-cp310-cp310-manylinux_2_24_armv7l.whl,7122402,6.792,20,1,8,0,7,4,0,0,0,0
0.15.1,488,tzfpy-0.15.1-cp311-cp311-manylinux_2_17_aarch64.manylinux2014_aarch64.whl,7110292,6.781,20,1,7,0,8,4,0,0,0,0
0.15.1,489,tzfpy-0.15.1-cp311-none-win_amd64.whl,6143505,5.859,20,1,5,0,10,4,0,0,0,0
0.15.1,490,tzfpy-0.15.1-cp37-cp37m-musllinux_1_1_aarch64.whl,7284307,6.947,20,1,7,0,8,4,0,0,0,0
0.15.1,491,tzfpy-0.15.1-cp38-cp38-manylinux_2_17_aarch64.manylinux2014_aarch64.whl,7110016,6.781,20,1,7,0,8,4,0,0,0,0
0.15.1,492,tzfpy-0.15.1-cp39-cp39-manylinux_2_17_aarch64.manylinux2014_aarch64.whl,7110076,6.781,20,1,7,0,8,4,0,0,0,0
0.15.1,493,tzfpy-0.15.1-pp310-pypy310_pp73-manylinux_2_24_armv7l.whl,7122042,6.792,20,1,8,0,8,3,0,0,0,0
0.15.1,494,tzfpy-0.15.1-pp310-pypy310_pp73-musllinux_1_1_aarch64.whl,7284410,6.947,20,1,8,0,8,3,0,0,0,0
0.15.1,495,tzfpy-0.15.1-pp39-pypy39_pp73-manylinux_2_24_armv7l.whl,7121962,6.792,20,1,8,0,8,3,0,0,0,0
0.15.1,582,tzfpy-0.15.1-cp310-cp310-musllinux_1_1_x86_64.whl,7285801,6.948,21,1,8,0,8,4,0,0,0,0
0.15.1,583,tzfpy-0.15.1-cp311-cp311-manylinux_2_24_armv7l.whl,7122408,6.792,21,1,8,0,8,4,0,0,0,0
0.15.1,584,tzfpy-0.15.1-cp312-cp312-musllinux_1_1_aarch64.whl,7283352,6.946,21,1,8,0,8,4,0,0,0,0
0.15.1,585,tzfpy-0.15.1-cp38-cp38-manylinux_2_17_x86_64.manylinux2014_x86_64.whl,7118479,6.789,21,1,8,0,8,4,0,0,0,0
0.15.1,586,tzfpy-0.15.1-cp39-cp39-manylinux_2_24_armv7l.whl,7122354,6.792,21,1,8,0,8,4,0,0,0,0
0.15.1,587,tzfpy-0.15.1-pp310-pypy310_pp73-manylinux_2_17_x86_64.manylinux2014_x86_64.whl,7118188,6.788,21,1,8,0,9,3,0,0,0,0
0.15.1,588,tzfpy-0.15.1-pp37-pypy37_pp73-manylinux_2_24_armv7l.whl,7125622,6.796,21,1,7,0,10,3,0,0,0,0
0.15.1,589,tzfpy-0.15.1-pp38-pypy38_pp73-manylinux_2_17_x86_64.manylinux2014_x86_64.whl,7118267,6.789,21,1,8,0,9,3,0,0,0,0
0.15.1,676,tzfpy-0.15.1-cp310-cp310-musllinux_1_1_aarch64.whl,7284502,6.947,22,1,8,0,9,4,0,0,0,0
0.15.1,677,tzfpy-0.15.1-cp39-cp39-musllinux_1_1_aarch64.whl,7284234,6.947,22,1,8,0,9,4,0,0,0,0
0.15.1,726,tzfpy-0.15.1-cp310-cp310-manylinux_2_17_aarch64.manylinux2014_aarch64.whl,7110171,6.781,23,1,7,0,11,4,0,0,0,0
0.15.1,727,tzfpy-0.15.1-cp312-cp312-manylinux_2_24_armv7l.whl,7121725,6.792,23,1,8,0,10,4,0,0,0,0
0.15.1,728,tzfpy-0.15.1-cp38-cp38-musllinux_1_1_aarch64.whl,7284257,6.947,23,1,8,0,10,4,0,0,0,0
0.15.1,729,tzfpy-0.15.1-pp38-pypy38_pp73-manylinux_2_24_armv7l.whl,7122142,6.792,23,1,8,0,11,3,0,0,0,0
0.15.1,772,tzfpy-0.15.1-cp311-cp311-musllinux_1_1_aarch64.whl,7284590,6.947,24,1,8,0,11,4,0,0,0,0
0.15.1,773,tzfpy-0.15.1-cp38-cp38-manylinux_2_24_armv7l.whl,7122382,6.792,24,1,8,0,11,4,0,0,0,0
0.15.1,774,tzfpy-0.15.1-cp39-cp39-manylinux_2_17_x86_64.manylinux2014_x86_64.whl,7118534,6.789,24,1,8,0,11,4,0,0,0,0
0.15.1,775,tzfpy-0.15.1-pp38-pypy38_pp73-musllinux_1_1_aarch64.whl,7284444,6.947,24,1,8,0,12,3,0,0,0,0
0.15.2,246,tzfpy-0.15.2-cp310-none-win_amd64.whl,6146820,5.862,17,1,5,0,7,4,0,0,0,0
0.15.2,247,tzfpy-0.15.2-cp312-cp312-macosx_10_9_x86_64.macosx_11_0_arm64.macosx_10_9_universal2.whl,12660454,12.074,17,1,3,0,9,4,0,0,0,0
0.15.2,248,tzfpy-0.15.2-cp37-none-win_amd64.whl,6146784,5.862,17,1,5,0,7,4,0,0,0,0
0.15.2,249,tzfpy-0.15.2-pp310-pypy310_pp73-manylinux_2_17_x86_64.manylinux2014_x86_64.whl,7172061,6.840,17,1,8,0,5,3,0,0,0,0
0.15.2,325,tzfpy-0.15.2-pp37-pypy37_pp73-manylinux_2_17_aarch64.manylinux2014_aarch64.whl,7168858,6.837,18,1,6,0,8,3,0,0,0,0
0.15.2,408,tzfpy-0.15.2-cp38-none-win_amd64.whl,6146832,5.862,19,1,5,0,7,6,0,0,0,0
0.15.2,409,tzfpy-0.15.2-pp37-pypy37_pp73-manylinux_2_17_x86_64.manylinux2014_x86_64.whl,7174505,6.842,19,1,7,0,8,3,0,0,0,0
0.15.2,496,tzfpy-0.15.2-cp312-cp312-manylinux_2_17_aarch64.manylinux2014_aarch64.whl,7165148,6.833,20,1,7,0,8,4,0,0,0,0
0.15.2,497,tzfpy-0.15.2-cp37-cp37m-manylinux_2_17_aarch64.manylinux2014_aarch64.whl,7165863,6.834,20,1,6,0,9,4,0,0,0,0
0.15.2,498,tzfpy-0.15.2-cp39-none-win_amd64.whl,6147147,5.862,20,1,5,0,10,4,0,0,0,0
0.15.2,499,tzfpy-0.15.2-pp37-pypy37_pp73-musllinux_1_1_aarch64.whl,7288088,6.950,20,1,7,0,9,3,0,0,0,0
0.15.2,500,tzfpy-0.15.2-pp38-pypy38_pp73-manylinux_2_17_x86_64.manylinux2014_x86_64.whl,7171967,6.840,20,1,8,0,8,3,0,0,0,0
0.15.2,501,tzfpy-0.15.2-pp38-pypy38_pp73-manylinux_2_24_armv7l.whl,7176667,6.844,20,1,8,0,8,3,0,0,0,0
0.15.2,502,tzfpy-0.15.2-pp38-pypy38_pp73-musllinux_1_1_aarch64.whl,7285111,6.948,20,1,8,0,8,3,0,0,0,0
0.15.2,503,tzfpy-0.15.2-pp39-pypy39_pp73-manylinux_2_17_aarch64.manylinux2014_aarch64.whl,7165651,6.834,20,1,7,0,9,3,0,0,0,0
0.15.2,590,tzfpy-0.15.2-cp310-cp310-manylinux_2_17_aarch64.manylinux2014_aarch64.whl,7165730,6.834,21,1,7,0,9,4,0,0,0,0
0.15.2,591,tzfpy-0.15.2-cp311-cp311-manylinux_2_17_aarch64.manylinux2014_aarch64.whl,7165720,6.834,21,1,7,0,9,4,0,0,0,0
0.15.2,592,tzfpy-0.15.2-cp312-cp312-manylinux_2_24_armv7l.whl,7172735,6.840,21,1,8,0,8,4,0,0,0,0
0.15.2,593,tzfpy-0.15.2-cp312-cp312-musllinux_1_1_aarch64.whl,7283964,6.947,21,1,8,0,8,4,0,0,0,0
0.15.2,594,tzfpy-0.15.2-cp37-cp37m-manylinux_2_24_armv7l.whl,7173226,6.841,21,1,7,0,9,4,0,0,0,0
0.15.2,595,tzfpy-0.15.2-cp39-cp39-manylinux_2_17_aarch64.manylinux2014_aarch64.whl,7165634,6.834,21,1,7,0,9,4,0,0,0,0
0.15.2,596,tzfpy-0.15.2-cp39-cp39-musllinux_1_1_aarch64.whl,7284955,6.947,21,1,8,0,8,4,0,0,0,0
0.15.2,597,tzfpy-0.15.2-pp310-pypy310_pp73-manylinux_2_24_armv7l.whl,7177213,6.845,21,1,8,0,9,3,0,0,0,0
0.15.2,598,tzfpy-0.15.2-pp310-pypy310_pp73-musllinux_1_1_aarch64.whl,7285174,6.948,21,1,8,0,9,3,0,0,0,0
0.15.2,599,tzfpy-0.15.2-pp38-pypy38_pp73-manylinux_2_17_aarch64.manylinux2014_aarch64.whl,7165164,6.833,21,1,7,0,10,3,0,0,0,0
0.15.2,678,tzfpy-0.15.2-cp310-cp310-musllinux_1_1_aarch64.whl,7285076,6.948,22,1,8,0,9,4,0,0,0,0
0.15.2,679,tzfpy-0.15.2-cp39-cp39-manylinux_2_24_armv7l.whl,7173566,6.841,22,1,8,0,9,4,0,0,0,0
0.15.2,680,tzfpy-0.15.2-pp37-pypy37_pp73-manylinux_2_24_armv7l.whl,7177026,6.845,22,1,7,0,9,5,0,0,0,0
0.15.2,730,tzfpy-0.15.2-cp311-cp311-manylinux_2_24_armv7l.whl,7173617,6.841,23,1,8,0,10,4,0,0,0,0
0.15.2,731,tzfpy-0.15.2-cp37-cp37m-musllinux_1_1_aarch64.whl,7284843,6.947,23,1,7,0,11,4,0,0,0,0
0.15.2,732,tzfpy-0.15.2-cp38-cp38-manylinux_2_17_aarch64.manylinux2014_aarch64.whl,7165975,6.834,23,1,7,0,11,4,0,0,0,0
0.15.2,733,tzfpy-0.15.2-cp38-cp38-musllinux_1_1_aarch64.whl,7284876,6.947,23,1,8,0,8,6,0,0,0,0
0.15.2,776,tzfpy-0.15.2-cp310-cp310-musllinux_1_1_x86_64.whl,7286796,6.949,24,1,8,0,11,4,0,0,0,0
0.15.2,777,tzfpy-0.15.2-cp38-cp38-manylinux_2_24_armv7l.whl,7173198,6.841,24,1,8,0,11,4,0,0,0,0
0.15.2,778,tzfpy-0.15.2-pp39-pypy39_pp73-manylinux_2_17_x86_64.manylinux2014_x86_64.whl,7172072,6.840,24,1,8,0,12,3,0,0,0,0
0.15.2,801,tzfpy-0.15.2-cp311-cp311-musllinux_1_1_aarch64.whl,7285214,6.948,25,1,8,0,11,5,0,0,0,0
0.15.2,802,tzfpy-0.15.2-cp37-cp37m-manylinux_2_17_x86_64.manylinux2014_x86_64.whl,7172259,6.840,25,1,7,0,11,6,0,0,0,0
0.15.2,823,tzfpy-0.15.2-cp310-cp310-manylinux_2_24_armv7l.whl,7173551,6.841,26,1,8,0,13,4,0,0,0,0
0.15.2,824,tzfpy-0.15.2-pp39-pypy39_pp73-manylinux_2_24_armv7l.whl,7173245,6.841,26,1,8,0,14,3,0,0,0,0
0.15.2,843,tzfpy-0.15.2-pp310-pypy310_pp73-manylinux_2_17_aarch64.manylinux2014_aarch64.whl,7165650,6.834,28,1,7,0,17,3,0,0,0,0
0.15.3,410,tzfpy-0.15.3-cp310-cp310-musllinux_1_1_aarch64.whl,7391091,7.049,19,1,8,0,6,4,0,0,0,0
0.15.3,411,tzfpy-0.15.3-cp38-none-win_amd64.whl,6195536,5.909,19,1,5,0,9,4,0,0,0,0
0.15.3,412,tzfpy-0.15.3-cp39-none-win_amd64.whl,6196012,5.909,19,1,5,0,9,4,0,0,0,0
0.15.3,504,tzfpy-0.15.3-cp311-cp311-manylinux_2_17_x86_64.manylinux2014_x86_64.whl,7157532,6.826,20,1,8,0,6,5,0,0,0,0
0.15.3,505,tzfpy-0.15.3-cp37-cp37m-manylinux_2_17_aarch64.manylinux2014_aarch64.whl,7149183,6.818,20,1,6,0,9,4,0,0,0,0
0.15.3,506,tzfpy-0.15.3-cp39-cp39-manylinux_2_17_x86_64.manylinux2014_x86_64.whl,7157398,6.826,20,1,8,0,7,4,0,0,0,0
0.15.3,507,tzfpy-0.15.3-pp37-pypy37_pp73-musllinux_1_1_aarch64.whl,7393566,7.051,20,1,7,0,9,3,0,0,0,0
0.15.3,508,tzfpy-0.15.3-pp39-pypy39_pp73-manylinux_2_17_aarch64.manylinux2014_aarch64.whl,7148919,6.818,20,1,7,0,9,3,0,0,0,0
0.15.3,600,tzfpy-0.15.3-cp310-none-win_amd64.whl,6195867,5.909,21,1,5,0,9,6,0,0,0,0
0.15.3,601,tzfpy-0.15.3-cp311-cp311-macosx_10_12_x86_64.macosx_11_0_arm64.macosx_10_12_universal2.whl,12750614,12.160,21,1,3,0,13,4,0,0,0,0
0.15.3,602,tzfpy-0.15.3-cp312-cp312-musllinux_1_1_aarch64.whl,7390980,7.049,21,1,8,0,8,4,0,0,0,0
0.15.3,603,tzfpy-0.15.3-cp37-cp37m-manylinux_2_24_armv7l.whl,7168746,6.837,21,1,7,0,9,4,0,0,0,0
0.15.3,604,tzfpy-0.15.3-pp37-pypy37_pp73-manylinux_2_24_armv7l.whl,7171708,6.839,21,1,7,0,9,4,0,0,0,0
0.15.3,605,tzfpy-0.15.3-pp38-pypy38_pp73-manylinux_2_17_x86_64.manylinux2014_x86_64.whl,7157123,6.826,21,1,8,0,9,3,0,0,0,0
0.15.3,606,tzfpy-0.15.3-pp38-pypy38_pp73-manylinux_2_24_armv7l.whl,7168522,6.836,21,1,8,0,9,3,0,0,0,0
0.15.3,682,tzfpy-0.15.3-cp310-cp310-manylinux_2_17_aarch64.manylinux2014_aarch64.whl,7149940,6.819,22,1,7,0,9,5,0,0,0,0
0.15.3,683,tzfpy-0.15.3-cp310-cp310-manylinux_2_24_armv7l.whl,7169364,6.837,22,1,8,0,9,4,0,0,0,0
0.15.3,684,tzfpy-0.15.3-cp310-cp310-musllinux_1_1_x86_64.whl,7391430,7.049,22,1,8,0,9,4,0,0,0,0
0.15.3,685,tzfpy-0.15.3-cp311-cp311-manylinux_2_17_aarch64.manylinux2014_aarch64.whl,7150036,6.819,22,1,7,0,10,4,0,0,0,0
0.15.3,686,tzfpy-0.15.3-cp312-cp312-macosx_10_12_x86_64.macosx_11_0_arm64.macosx_10_12_universal2.whl,12751160,12.160,22,1,3,0,14,4,0,0,0,0
0.15.3,687,tzfpy-0.15.3-cp312-cp312-manylinux_2_17_aarch64.manylinux2014_aarch64.whl,7149313,6.818,22,1,7,0,9,5,0,0,0,0
0.15.3,688,tzfpy-0.15.3-cp312-cp312-manylinux_2_24_armv7l.whl,7168511,6.836,22,1,8,0,9,4,0,0,0,0
0.15.3,689,tzfpy-0.15.3-cp38-cp38-manylinux_2_17_x86_64.manylinux2014_x86_64.whl,7157297,6.826,22,1,8,0,9,4,0,0,0,0
0.15.3,690,tzfpy-0.15.3-cp38-cp38-musllinux_1_1_aarch64.whl,7390977,7.049,22,1,8,0,9,4,0,0,0,0
0.15.3,691,tzfpy-0.15.3-cp39-cp39-manylinux_2_17_aarch64.manylinux2014_aarch64.whl,7150042,6.819,22,1,7,0,10,4,0,0,0,0
0.15.3,692,tzfpy-0.15.3-cp39-cp39-manylinux_2_24_armv7l.whl,7169058,6.837,22,1,8,0,9,4,0,0,0,0
0.15.3,693,tzfpy-0.15.3-pp310-pypy310_pp73-manylinux_2_17_x86_64.manylinux2014_x86_64.whl,7157178,6.826,22,1,8,0,10,3,0,0,0,0
0.15.3,694,tzfpy-0.15.3-pp38-pypy38_pp73-musllinux_1_1_aarch64.whl,7391131,7.049,22,1,8,0,9,4,0,0,0,0
0.15.3,695,tzfpy-0.15.3-pp39-pypy39_pp73-manylinux_2_17_x86_64.manylinux2014_x86_64.whl,7157178,6.826,22,1,8,0,10,3,0,0,0,0
0.15.3,734,tzfpy-0.15.3-cp311-cp311-manylinux_2_24_armv7l.whl,7169429,6.837,23,1,8,0,9,5,0,0,0,0
0.15.3,735,tzfpy-0.15.3-cp312-none-win_amd64.whl,6195755,5.909,23,1,5,0,10,7,0,0,0,0
0.15.3,736,tzfpy-0.15.3-cp313-cp313-musllinux_1_1_aarch64.whl,7390978,7.049,23,1,9,0,9,4,0,0,0,0
0.15.3,737,tzfpy-0.15.3-cp37-cp37m-musllinux_1_1_aarch64.whl,7390790,7.048,23,1,7,0,11,4,0,0,0,0
0.15.3,738,tzfpy-0.15.3-cp39-cp39-musllinux_1_1_aarch64.whl,7391327,7.049,23,1,8,0,10,4,0,0,0,0
0.15.3,739,tzfpy-0.15.3-pp37-pypy37_pp73-manylinux_2_17_aarch64.manylinux2014_aarch64.whl,7152747,6.821,23,1,6,0,11,5,0,0,0,0
0.15.3,740,tzfpy-0.15.3-pp38-pypy38_pp73-manylinux_2_17_aarch64.manylinux2014_aarch64.whl,7148753,6.818,23,1,7,0,12,3,0,0,0,0
0.15.3,779,tzfpy-0.15.3-cp313-cp313-manylinux_2_17_aarch64.manylinux2014_aarch64.whl,7149313,6.818,24,1,8,0,11,4,0,0,0,0
0.15.3,780,tzfpy-0.15.3-cp313-cp313-manylinux_2_24_armv7l.whl,7168512,6.836,24,1,9,0,10,4,0,0,0,0
0.15.3,781,tzfpy-0.15.3-pp310-pypy310_pp73-manylinux_2_17_aarch64.manylinux2014_aarch64.whl,7148903,6.818,24,1,7,0,11,5,0,0,0,0
0.15.3,782,tzfpy-0.15.3-pp39-pypy39_pp73-manylinux_2_24_armv7l.whl,7168540,6.836,24,1,8,0,12,3,0,0,0,0
0.15.3,803,tzfpy-0.15.3-cp38-cp38-manylinux_2_24_armv7l.whl,7168467,6.836,25,1,8,0,10,6,0,0,0,0
0.15.3,804,tzfpy-0.15.3-pp37-pypy37_pp73-manylinux_2_17_x86_64.manylinux2014_x86_64.whl,7158905,6.827,25,1,7,0,14,3,0,0,0,0
0.15.3,825,tzfpy-0.15.3-cp38-cp38-manylinux_2_17_aarch64.manylinux2014_aarch64.whl,7148954,6.818,26,1,7,0,14,4,0,0,0,0
0.15.3,826,tzfpy-0.15.3-pp310-pypy310_pp73-musllinux_1_1_aarch64.whl,7391265,7.049,26,1,8,0,10,7,0,0,0,0
0.15.3,844,tzfpy-0.15.3-cp311-cp311-musllinux_1_1_aarch64.whl,7391035,7.049,28,1,8,0,15,4,0,0,0,0
0.15.3,875,tzfpy-0.15.3-pp310-pypy310_pp73-manylinux_2_24_armv7l.whl,7168649,6.837,37,1,8,0,23,5,0,0,0,0
0.15.4,116,tzfpy-0.15.4-cp38-cp38-macosx_10_12_x86_64.macosx_11_0_arm64.macosx_10_12_universal2.whl,12716749,12.128,15,1,3,0,7,4,0,0,0,0
0.15.4,117,tzfpy-0.15.4.tar.gz,15049,0.014,15,1,9,0,2,3,0,0,0,0
0.15.4,176,tzfpy-0.15.4-cp312-cp312-macosx_10_12_x86_64.macosx_11_0_arm64.macosx_10_12_universal2.whl,12716455,12.127,16,1,3,0,8,4,0,0,0,0
0.15.4,177,tzfpy-0.15.4-cp39-cp39-macosx_10_12_x86_64.macosx_11_0_arm64.macosx_10_12_universal2.whl,12717870,12.129,16,1,3,0,8,4,0,0,0,0
0.15.4,250,tzfpy-0.15.4-cp311-cp311-macosx_10_12_x86_64.macosx_11_0_arm64.macosx_10_12_universal2.whl,12717825,12.129,17,1,3,0,9,4,0,0,0,0
0.15.4,251,tzfpy-0.15.4-cp311-none-win_amd64.whl,6191524,5.905,17,1,5,0,7,4,0,0,0,0
0.15.4,252,tzfpy-0.15.4-cp312-none-win_amd64.whl,6192178,5.905,17,1,5,0,7,4,0,0,0,0
0.15.4,253,tzfpy-0.15.4-cp38-none-win_amd64.whl,6191408,5.905,17,1,5,0,7,4,0,0,0,0
0.15.4,509,tzfpy-0.15.4-cp310-cp310-manylinux_2_17_x86_64.manylinux2014_x86_64.whl,7079501,6.752,20,1,8,0,7,4,0,0,0,0
0.15.4,510,tzfpy-0.15.4-cp312-cp312-manylinux_2_17_aarch64.manylinux2014_aarch64.whl,7069771,6.742,20,1,7,0,8,4,0,0,0,0
0.15.4,608,tzfpy-0.15.4-cp310-cp310-macosx_10_12_x86_64.macosx_11_0_arm64.macosx_10_12_universal2.whl,12717816,12.129,21,1,3,0,13,4,0,0,0,0
0.15.4,609,tzfpy-0.15.4-cp310-cp310-manylinux_2_17_aarch64.manylinux2014_aarch64.whl,7069859,6.742,21,1,7,0,9,4,0,0,0,0
0.15.4,610,tzfpy-0.15.4-cp310-cp310-musllinux_1_1_aarch64.whl,7241366,6.906,21,1,8,0,8,4,0,0,0,0
0.15.4,611,tzfpy-0.15.4-cp310-cp310-musllinux_1_1_x86_64.whl,7244938,6.909,21,1,8,0,8,4,0,0,0,0
0.15.4,612,tzfpy-0.15.4-cp310-none-win_amd64.whl,6191526,5.905,21,1,5,0,11,4,0,0,0,0
0.15.4,613,tzfpy-0.15.4-cp311-cp311-manylinux_2_24_armv7l.whl,7089519,6.761,21,1,8,0,8,4,0,0,0,0
0.15.4,614,tzfpy-0.15.4-cp311-cp311-musllinux_1_1_aarch64.whl,7241426,6.906,21,1,8,0,8,4,0,0,0,0
0.15.4,615,tzfpy-0.15.4-cp311-cp311-musllinux_1_1_x86_64.whl,7244940,6.909,21,1,8,0,8,4,0,0,0,0
0.15.4,616,tzfpy-0.15.4-cp312-cp312-manylinux_2_24_armv7l.whl,7089255,6.761,21,1,8,0,8,4,0,0,0,0
0.15.4,617,tzfpy-0.15.4-cp312-cp312-musllinux_1_1_x86_64.whl,7244165,6.909,21,1,8,0,8,4,0,0,0,0
0.15.4,618,tzfpy-0.15.4-cp38-cp38-manylinux_2_17_aarch64.manylinux2014_aarch64.whl,7069323,6.742,21,1,7,0,9,4,0,0,0,0
0.15.4,619,tzfpy-0.15.4-cp38-cp38-manylinux_2_24_armv7l.whl,7088753,6.760,21,1,8,0,8,4,0,0,0,0
0.15.4,621,tzfpy-0.15.4-cp39-cp39-manylinux_2_24_armv7l.whl,7089568,6.761,21,1,8,0,8,4,0,0,0,0
0.15.4,622,tzfpy-0.15.4-cp39-cp39-musllinux_1_1_aarch64.whl,7241482,6.906,21,1,8,0,8,4,0,0,0,0
0.15.4,623,tzfpy-0.15.4-cp39-cp39-musllinux_1_1_x86_64.whl,7244863,6.909,21,1,8,0,8,4,0,0,0,0
0.15.4,696,tzfpy-0.15.4-cp312-cp312-musllinux_1_1_aarch64.whl,7241474,6.906,22,1,8,0,9,4,0,0,0,0
0.15.4,741,tzfpy-0.15.4-cp39-cp39-manylinux_2_17_aarch64.manylinux2014_aarch64.whl,7069791,6.742,23,1,7,0,11,4,0,0,0,0
0.15.4,783,tzfpy-0.15.4-cp310-cp310-manylinux_2_24_armv7l.whl,7089509,6.761,24,1,8,0,11,4,0,0,0,0
0.15.4,784,tzfpy-0.15.4-cp312-cp312-manylinux_2_17_x86_64.manylinux2014_x86_64.whl,7078781,6.751,24,1,8,0,11,4,0,0,0,0
0.15.4,785,tzfpy-0.15.4-cp38-cp38-musllinux_1_1_aarch64.whl,7240745,6.905,24,1,8,0,11,4,0,0,0,0
0.15.4,786,tzfpy-0.15.4-cp38-cp38-musllinux_1_1_x86_64.whl,7244118,6.909,24,1,8,0,11,4,0,0,0,0
0.15.5,327,tzfpy-0.15.5-cp311-none-win_amd64.whl,6190934,5.904,18,1,5,0,8,4,0,0,0,0
0.15.5,414,tzfpy-0.15.5-cp38-cp38-musllinux_1_1_aarch64.whl,7240061,6.905,19,1,8,0,6,4,0,0,0,0
0.15.5,415,tzfpy-0.15.5-cp38-none-win_amd64.whl,6190740,5.904,19,1,5,0,8,5,0,0,0,0
0.15.5,624,tzfpy-0.15.5-cp310-cp310-musllinux_1_1_x86_64.whl,7244818,6.909,21,1,8,0,8,4,0,0,0,0
0.15.5,625,tzfpy-0.15.5-cp311-cp311-musllinux_1_1_aarch64.whl,7240159,6.905,21,1,8,0,8,4,0,0,0,0
0.15.5,626,tzfpy-0.15.5-cp312-cp312-manylinux_2_24_armv7l.whl,7084270,6.756,21,1,8,0,8,4,0,0,0,0
0.15.5,627,tzfpy-0.15.5-cp312-cp312-musllinux_1_1_aarch64.whl,7240117,6.905,21,1,8,0,8,4,0,0,0,0
0.15.5,628,tzfpy-0.15.5-cp38-cp38-manylinux_2_17_aarch64.manylinux2014_aarch64.whl,7068120,6.741,21,1,7,0,9,4,0,0,0,0
0.15.5,629,tzfpy-0.15.5-cp38-cp38-manylinux_2_24_armv7l.whl,7084290,6.756,21,1,8,0,8,4,0,0,0,0
0.15.5,630,tzfpy-0.15.5-cp39-cp39-macosx_10_12_x86_64.macosx_11_0_arm64.macosx_10_12_universal2.whl,12711842,12.123,21,1,3,0,13,4,0,0,0,0
0.15.5,631,tzfpy-0.15.5-cp39-cp39-manylinux_2_17_aarch64.manylinux2014_aarch64.whl,7068795,6.741,21,1,7,0,9,4,0,0,0,0
0.15.5,632,tzfpy-0.15.5-cp39-cp39-musllinux_1_1_aarch64.whl,7240653,6.905,21,1,8,0,8,4,0,0,0,0
0.15.5,633,tzfpy-0.15.5-cp39-cp39-musllinux_1_1_x86_64.whl,7244936,6.909,21,1,8,0,8,4,0,0,0,0
0.15.5,697,tzfpy-0.15.5-cp310-cp310-manylinux_2_24_armv7l.whl,7084514,6.756,22,1,8,0,9,4,0,0,0,0
0.15.5,698,tzfpy-0.15.5-cp311-cp311-manylinux_2_24_armv7l.whl,7084224,6.756,22,1,8,0,9,4,0,0,0,0
0.15.5,699,tzfpy-0.15.5-cp38-cp38-musllinux_1_1_x86_64.whl,7244329,6.909,22,1,8,0,9,4,0,0,0,0
0.15.5,787,tzfpy-0.15.5-cp311-cp311-manylinux_2_17_aarch64.manylinux2014_aarch64.whl,7068055,6.741,24,1,7,0,12,4,0,0,0,0
0.15.5,788,tzfpy-0.15.5-cp311-cp311-musllinux_1_1_x86_64.whl,7244951,6.909,24,1,8,0,11,4,0,0,0,0
0.15.5,805,tzfpy-0.15.5-cp310-cp310-musllinux_1_1_aarch64.whl,7240506,6.905,25,1,8,0,12,4,0,0,0,0
0.15.5,806,tzfpy-0.15.5-cp39-cp39-manylinux_2_24_armv7l.whl,7084458,6.756,25,1,8,0,12,4,0,0,0,0
0.15.6,416,tzfpy-0.15.6.tar.gz,14758,0.014,19,1,12,0,2,4,0,0,0,0
0.15.6,789,tzfpy-0.15.6-cp38-abi3-musllinux_1_1_aarch64.whl,6503686,6.202,24,1,10,0,8,5,0,0,0,0
0.15.6,807,tzfpy-0.15.6-cp38-abi3-manylinux_2_24_armv7l.whl,6340442,6.047,25,1,11,0,8,5,0,0,0,0
0.16.0,255,tzfpy-0.16.0.tar.gz,38146,0.036,17,1,12,0,2,2,0,0,0,0
0.16.0,700,tzfpy-0.16.0-cp39-abi3-musllinux_1_1_x86_64.whl,6487995,6.187,22,1,10,0,8,3,0,0,0,0
0.16.0,808,tzfpy-0.16.0-cp39-abi3-musllinux_1_1_aarch64.whl,6504220,6.203,25,1,10,0,11,3,0,0,0,0
0.16.0,836,tzfpy-0.16.0-cp39-abi3-manylinux_2_24_armv7l.whl,6332443,6.039,27,1,11,0,12,3,0,0,0,0
0.16.1,256,tzfpy-0.16.1-cp39-abi3-macosx_10_12_x86_64.macosx_11_0_arm64.macosx_10_12_universal2.whl,12694557,12.106,17,1,4,0,8,4,0,0,0,0
0.16.1,328,tzfpy-0.16.1.tar.gz,71063,0.068,18,1,12,0,2,3,0,0,0,0
0.16.1,417,tzfpy-0.16.1-cp313-cp313t-macosx_10_12_x86_64.macosx_11_0_arm64.macosx_10_12_universal2.whl,12694600,12.107,19,1,4,0,10,4,0,0,0,0
0.16.1,701,tzfpy-0.16.1-cp39-abi3-win_arm64.whl,6188160,5.901,22,1,9,0,8,4,0,0,0,0
0.16.1,742,tzfpy-0.16.1-cp39-abi3-manylinux_2_17_aarch64.manylinux2014_aarch64.whl,6328782,6.036,23,1,9,0,9,4,0,0,0,0
0.16.1,743,tzfpy-0.16.1-cp39-abi3-musllinux_1_1_x86_64.whl,6499340,6.198,23,1,10,0,8,4,0,0,0,0
0.16.1,790,tzfpy-0.16.1-cp39-abi3-musllinux_1_1_aarch64.whl,6502923,6.202,24,1,10,0,9,4,0,0,0,0
0.16.1,809,tzfpy-0.16.1-cp313-cp313t-manylinux_2_17_aarch64.manylinux2014_aarch64.whl,6328855,6.036,25,1,11,0,9,4,0,0,0,0
0.16.1,810,tzfpy-0.16.1-cp39-abi3-manylinux_2_24_armv7l.whl,6338330,6.045,25,1,11,0,9,4,0,0,0,0
0.16.1,827,tzfpy-0.16.1-cp313-cp313t-manylinux_2_17_x86_64.manylinux2014_x86_64.whl,6331094,6.038,26,1,12,0,9,4,0,0,0,0
0.16.1,837,tzfpy-0.16.1-cp313-cp313t-manylinux_2_24_armv7l.whl,6338415,6.045,27,1,13,0,9,4,0,0,0,0
0.16.2,118,tzfpy-0.16.2-cp313-cp313t-macosx_10_12_x86_64.macosx_11_0_arm64.macosx_10_12_universal2.whl,12694611,12.107,15,1,4,0,6,4,0,0,0,0
0.16.2,330,tzfpy-0.16.2.tar.gz,71072,0.068,18,1,12,0,2,3,0,0,0,0
0.16.2,744,tzfpy-0.16.2-cp39-abi3-musllinux_1_1_x86_64.whl,6501433,6.200,23,1,10,0,8,4,0,0,0,0
0.16.2,791,tzfpy-0.16.2-cp39-abi3-manylinux_2_24_armv7l.whl,6338395,6.045,24,1,11,0,8,4,0,0,0,0
0.16.2,811,tzfpy-0.16.2-cp313-cp313t-manylinux_2_17_x86_64.manylinux2014_x86_64.whl,6330984,6.038,25,1,12,0,8,4,0,0,0,0
0.16.2,828,tzfpy-0.16.2-cp39-abi3-musllinux_1_1_aarch64.whl,6506127,6.205,26,1,10,0,11,4,0,0,0,0
0.16.2,838,tzfpy-0.16.2-cp313-cp313t-manylinux_2_17_aarch64.manylinux2014_aarch64.whl,6328866,6.036,27,1,11,0,11,4,0,0,0,0
0.16.2,839,tzfpy-0.16.2-cp313-cp313t-manylinux_2_24_armv7l.whl,6338481,6.045,27,1,13,0,9,4,0,0,0,0
0.16.3,331,tzfpy-0.16.3.tar.gz,71330,0.068,18,1,11,0,3,3,0,0,0,0
0.16.3,419,tzfpy-0.16.3-cp313-cp313t-macosx_10_12_x86_64.macosx_11_0_arm64.macosx_10_12_universal2.whl,12703238,12.115,19,1,4,0,11,3,0,0,0,0
0.16.3,702,tzfpy-0.16.3-cp39-abi3-manylinux_2_17_aarch64.manylinux2014_aarch64.whl,6335851,6.042,22,1,8,0,10,3,0,0,0,0
0.16.3,745,tzfpy-0.16.3-cp39-abi3-musllinux_1_1_x86_64.whl,6503461,6.202,23,1,9,0,10,3,0,0,0,0
0.16.3,812,tzfpy-0.16.3-cp313-cp313t-manylinux_2_17_aarch64.manylinux2014_aarch64.whl,6332866,6.039,25,1,10,0,11,3,0,0,0,0
0.16.3,813,tzfpy-0.16.3-cp313-cp313t-manylinux_2_17_x86_64.manylinux2014_x86_64.whl,6335188,6.042,25,1,11,0,10,3,0,0,0,0
0.16.3,814,tzfpy-0.16.3-cp39-abi3-musllinux_1_1_aarch64.whl,6507751,6.206,25,1,9,0,12,3,0,0,0,0
0.16.3,829,tzfpy-0.16.3-cp313-cp313t-manylinux_2_24_armv7l.whl,6341735,6.048,26,1,12,0,10,3,0,0,0,0
0.16.3,840,tzfpy-0.16.3-cp39-abi3-manylinux_2_24_armv7l.whl,6344501,6.051,27,1,10,0,13,3,0,0,0,0
0.16.4,257,tzfpy-0.16.4.tar.gz,75118,0.072,17,1,10,0,3,3,0,0,0,0
0.16.4,332,tzfpy-0.16.4-cp313-cp313t-macosx_10_12_x86_64.macosx_11_0_arm64.macosx_10_12_universal2.whl,12703516,12.115,18,1,4,0,10,3,0,0,0,0
0.16.4,634,tzfpy-0.16.4-cp39-abi3-musllinux_1_1_aarch64.whl,6507831,6.206,21,1,9,0,6,5,0,0,0,0
0.16.4,746,tzfpy-0.16.4-cp313-cp313t-manylinux_2_17_aarch64.manylinux2014_aarch64.whl,6332714,6.039,23,1,10,0,9,3,0,0,0,0
0.16.4,747,tzfpy-0.16.4-cp313-cp313t-manylinux_2_24_armv7l.whl,6341990,6.048,23,1,11,0,7,4,0,0,0,0
0.16.4,792,tzfpy-0.16.4-cp313-cp313t-manylinux_2_17_x86_64.manylinux2014_x86_64.whl,6335065,6.042,24,1,10,0,9,4,0,0,0,0
0.16.4,830,tzfpy-0.16.4-cp39-abi3-manylinux_2_24_armv7l.whl,6344619,6.051,26,1,9,0,13,3,0,0,0,0
1.0.0,258,tzfpy-1.0.0-cp313-cp313t-macosx_10_12_x86_64.macosx_11_0_arm64.macosx_10_12_universal2.whl,12679653,12.092,17,2,3,0,10,2,0,0,0,0
1.0.0,511,tzfpy-1.0.0-cp39-abi3-win_arm64.whl,6182065,5.896,20,1,6,0,11,2,0,0,0,0
1.0.0,703,tzfpy-1.0.0-cp313-cp313t-manylinux_2_24_armv7l.whl,6331554,6.038,22,1,9,0,10,2,0,0,0,0
1.0.0,748,tzfpy-1.0.0-cp39-abi3-manylinux_2_24_armv7l.whl,6334637,6.041,23,1,7,0,10,5,0,0,0,0
1.0.0,815,tzfpy-1.0.0-cp313-cp313t-manylinux_2_17_aarch64.manylinux2014_aarch64.whl,6321752,6.029,25,1,9,0,13,2,0,0,0,0
1.0.0,862,tzfpy-1.0.0-cp313-cp313t-manylinux_2_17_x86_64.manylinux2014_x86_64.whl,6322569,6.030,33,1,9,0,20,3,0,0,0,0
1.0.1,635,tzfpy-1.0.1-cp314-cp314t-macosx_10_12_x86_64.whl,6294310,6.003,21,1,9,0,8,3,0,0,0,0
1.0.1,704,tzfpy-1.0.1-cp314-cp314t-macosx_11_0_arm64.whl,6389895,6.094,22,1,9,0,9,3,0,0,0,0
1.0.1,816,tzfpy-1.0.1.tar.gz,106346,0.101,25,1,20,0,2,2,0,0,0,0
1.0.1,831,tzfpy-1.0.1-cp310-abi3-manylinux_2_17_armv7l.manylinux2014_armv7l.whl,6333435,6.040,26,1,14,0,8,3,0,0,0,0
1.0.1,841,tzfpy-1.0.1-cp310-abi3-musllinux_1_2_aarch64.whl,6501429,6.200,27,1,15,0,8,3,0,0,0,0
1.0.1,845,tzfpy-1.0.1-cp310-abi3-musllinux_1_2_armv7l.whl,6597157,6.292,28,1,15,0,9,3,0,0,0,0
1.0.1,846,tzfpy-1.0.1-cp310-abi3-musllinux_1_2_x86_64.whl,6491997,6.191,28,1,16,0,8,3,0,0,0,0
1.0.1,847,tzfpy-1.0.1-cp310-abi3-win_arm64.whl,6179661,5.893,28,1,15,0,9,3,0,0,0,0
1.0.1,850,tzfpy-1.0.1-cp314-cp314t-manylinux_2_17_aarch64.manylinux2014_aarch64.whl,6321148,6.028,29,1,17,0,8,3,0,0,0,0
1.0.1,851,tzfpy-1.0.1-cp314-cp314t-manylinux_2_17_armv7l.manylinux2014_armv7l.whl,6332851,6.039,29,1,17,0,8,3,0,0,0,0
1.0.1,854,tzfpy-1.0.1-cp314-cp314t-win_arm64.whl,6179096,5.893,30,1,18,0,8,3,0,0,0,0
1.0.1,858,tzfpy-1.0.1-cp314-cp314t-manylinux_2_17_x86_64.manylinux2014_x86_64.whl,6330431,6.037,32,1,20,0,8,3,0,0,0,0
1.0.1,863,tzfpy-1.0.1-cp314-cp314t-musllinux_1_2_armv7l.whl,6596664,6.291,33,1,18,0,11,3,0,0,0,0
1.0.1,864,tzfpy-1.0.1-cp314-cp314t-musllinux_1_2_x86_64.whl,6491386,6.191,33,1,19,0,10,3,0,0,0,0
1.0.1,866,tzfpy-1.0.1-cp314-cp314t-musllinux_1_2_aarch64.whl,6501369,6.200,34,1,18,0,12,3,0,0,0,0
1.1.0,817,tzfpy-1.1.0-cp314-cp314t-macosx_11_0_arm64.whl,6486201,6.186,25,1,10,0,9,5,0,0,0,0
1.1.0,852,tzfpy-1.1.0-cp314-cp314t-macosx_10_12_x86_64.whl,6387751,6.092,29,1,10,0,13,5,0,0,0,0
1.1.0,859,tzfpy-1.1.0-cp310-abi3-macosx_10_12_x86_64.whl,6390381,6.094,32,1,10,0,16,5,0,0,0,0
1.1.0,860,tzfpy-1.1.0-cp310-abi3-manylinux_2_17_armv7l.manylinux2014_armv7l.whl,6429427,6.132,32,1,17,0,8,6,0,0,0,0
1.1.0,865,tzfpy-1.1.0-cp314-cp314t-manylinux_2_17_aarch64.manylinux2014_aarch64.whl,6415571,6.118,33,1,20,0,5,7,0,0,0,0
1.1.0,867,tzfpy-1.1.0-cp310-abi3-musllinux_1_2_armv7l.whl,6693352,6.383,34,1,18,0,9,6,0,0,0,0
1.1.0,868,tzfpy-1.1.0-cp310-abi3-win_arm64.whl,6270762,5.980,34,1,19,0,9,5,0,0,0,0
1.1.0,870,tzfpy-1.1.0-cp314-cp314t-win_arm64.whl,6269310,5.979,35,1,21,0,7,6,0,0,0,0
1.1.0,873,tzfpy-1.1.0-cp314-cp314t-manylinux_2_17_armv7l.manylinux2014_armv7l.whl,6426788,6.129,36,1,20,0,9,6,0,0,0,0
1.1.0,874,tzfpy-1.1.0-cp314-cp314t-musllinux_1_2_aarch64.whl,6596252,6.291,36,1,21,0,8,6,0,0,0,0
1.1.0,877,tzfpy-1.1.0.tar.gz,108537,0.104,38,1,24,0,5,8,0,0,0,0
1.1.0,880,tzfpy-1.1.0-cp314-cp314t-manylinux_2_17_x86_64.manylinux2014_x86_64.whl,6425835,6.128,40,1,23,0,10,6,0,0,0,0
1.1.0,881,tzfpy-1.1.0-cp314-cp314t-musllinux_1_2_armv7l.whl,6690539,6.381,40,1,21,0,12,6,0,0,0,0
1.1.0,883,tzfpy-1.1.0-cp314-cp314t-musllinux_1_2_x86_64.whl,6586610,6.281,41,1,22,0,10,8,0,0,0,0
1.1.1,888,tzfpy-1.1.1-cp314-cp314t-macosx_10_12_x86_64.whl,6931042,6.610,47,1,15,0,20,11,0,0,0,0
1.1.1,892,tzfpy-1.1.1-cp310-abi3-win32.whl,6813722,6.498,51,1,23,0,16,11,0,0,0,0
1.1.1,895,tzfpy-1.1.1-cp314-cp314t-win_amd64.whl,6817328,6.502,56,1,22,0,22,11,0,0,0,0
1.1.1,897,tzfpy-1.1.1-cp314-cp314t-musllinux_1_2_aarch64.whl,7144470,6.813,60,1,32,0,16,11,0,0,0,0
1.1.1,898,tzfpy-1.1.1-cp314-cp314t-musllinux_1_2_x86_64.whl,7170838,6.839,61,1,33,0,15,12,0,0,0,0
1.1.1,900,tzfpy-1.1.1-cp314-cp314t-manylinux_2_17_aarch64.manylinux2014_aarch64.whl,6962377,6.640,62,1,31,0,18,12,0,0,0,0
1.1.1,902,tzfpy-1.1.1-cp314-cp314t-manylinux_2_17_armv7l.manylinux2014_armv7l.whl,6972062,6.649,63,1,31,0,19,12,0,0,0,0
